entity,time,Y,D,group
1,1,1.1062010822957293,0.0,early
1,2,2.7043565866520143,0.0,early
1,3,-1.5069586001780488,0.0,early
1,4,1.5298709882778354,1.0,early
1,5,3.005893604073682,1.0,early
1,6,4.015509351337404,1.0,early
1,7,2.0562816263969155,1.0,early
1,8,1.2437091468282375,1.0,early
1,9,-1.0349668707127202,1.0,early
1,10,3.3136888611613706,1.0,early
2,1,-2.230499719062336,0.0,early
2,2,-0.21118165086516538,0.0,early
2,3,-2.178123597542913,0.0,early
2,4,-1.9885228342228367,1.0,early
2,5,4.64246031282634,1.0,early
2,6,0.7672758553177212,1.0,early
2,7,4.75673711795846,1.0,early
2,8,1.5245162746140135,1.0,early
2,9,0.21972513714657418,1.0,early
2,10,2.0314650789330173,1.0,early
3,1,-3.3139402759431436,0.0,early
3,2,-0.34089618731544064,0.0,early
3,3,-2.984383046033144,0.0,early
3,4,0.12606074444740717,1.0,early
3,5,3.322050650792155,1.0,early
3,6,-1.007739839326339,1.0,early
3,7,-0.10748970469189867,1.0,early
3,8,2.2593260678892753,1.0,early
3,9,-1.762344750816764,1.0,early
3,10,-0.5424855429783693,1.0,early
4,1,-2.803048010115952,0.0,early
4,2,0.2544486929449308,0.0,early
4,3,-3.357854106576758,0.0,early
4,4,-1.7314322587555158,1.0,early
4,5,1.9441547813219855,1.0,early
4,6,2.216126679309918,1.0,early
4,7,1.008684757772052,1.0,early
4,8,0.35716331503482907,1.0,early
4,9,-0.07814897867627124,1.0,early
4,10,2.931004006632482,1.0,early
5,1,-0.606701709561732,0.0,early
5,2,-0.4127018632401217,0.0,early
5,3,0.6173550923617261,0.0,early
5,4,2.8338885180376048,1.0,early
5,5,4.696430748236812,1.0,early
5,6,1.7010264499282235,1.0,early
5,7,1.9711759867404457,1.0,early
5,8,2.494786353951091,1.0,early
5,9,0.7257632361614591,1.0,early
5,10,0.6808950068762587,1.0,early
6,1,1.035649301004468,0.0,early
6,2,4.737588575316856,0.0,early
6,3,-2.081857587130862,0.0,early
6,4,3.160846365940988,1.0,early
6,5,4.013632970230415,1.0,early
6,6,3.0828797828317063,1.0,early
6,7,4.516225353284451,1.0,early
6,8,3.0465615444394354,1.0,early
6,9,1.2339955368853017,1.0,early
6,10,2.944049795159806,1.0,early
7,1,0.09128105035120493,0.0,early
7,2,2.222052228628075,0.0,early
7,3,-3.761875288561019,0.0,early
7,4,-0.9881549589398192,1.0,early
7,5,2.778743709870231,1.0,early
7,6,3.1154427572324264,1.0,early
7,7,1.214734602207658,1.0,early
7,8,4.263872995828256,1.0,early
7,9,0.6802734083051571,1.0,early
7,10,2.718107224918645,1.0,early
8,1,-3.473312283319505,0.0,early
8,2,0.20649188693766352,0.0,early
8,3,-6.115223392419056,0.0,early
8,4,-3.922401187259173,1.0,early
8,5,-0.2893586886722195,1.0,early
8,6,-0.7723132968621471,1.0,early
8,7,0.7238345841457199,1.0,early
8,8,-1.8633602529053799,1.0,early
8,9,-0.8139222209489778,1.0,early
8,10,-0.3109562023941105,1.0,early
9,1,-0.5227116929769167,0.0,early
9,2,0.27198657901941026,0.0,early
9,3,-2.3416879916216544,0.0,early
9,4,-0.24420193219253228,1.0,early
9,5,2.111108603794676,1.0,early
9,6,0.8201297851027525,1.0,early
9,7,1.2891772938169241,1.0,early
9,8,0.3005744881710249,1.0,early
9,9,-0.3020034097561475,1.0,early
9,10,1.9246787123893259,1.0,early
10,1,2.2159708374986566,0.0,early
10,2,2.6727889252945625,0.0,early
10,3,-1.9741947610034498,0.0,early
10,4,1.0400707056061993,1.0,early
10,5,4.491167426909668,1.0,early
10,6,6.168622921093462,1.0,early
10,7,5.517916115151763,1.0,early
10,8,3.577258714166522,1.0,early
10,9,1.2780899600385682,1.0,early
10,10,2.901715673933108,1.0,early
11,1,-0.04861338762271572,0.0,early
11,2,1.3543587436450213,0.0,early
11,3,-0.9532076424661022,0.0,early
11,4,-0.846742916819238,1.0,early
11,5,4.80929430124411,1.0,early
11,6,2.7794695379602783,1.0,early
11,7,2.949064023207664,1.0,early
11,8,3.695477412370024,1.0,early
11,9,0.7682390308532071,1.0,early
11,10,3.9865300754997115,1.0,early
12,1,-4.114165992720754,0.0,early
12,2,0.4713443808692437,0.0,early
12,3,-7.2873864352398705,0.0,early
12,4,-6.016257369548136,1.0,early
12,5,-0.24617159251605103,1.0,early
12,6,-0.47306788249458354,1.0,early
12,7,-2.731589959657749,1.0,early
12,8,-1.1863800236691533,1.0,early
12,9,-1.62876429352671,1.0,early
12,10,-0.3437034178271703,1.0,early
13,1,5.417572336240452,0.0,early
13,2,5.228770143667509,0.0,early
13,3,4.088668875175937,0.0,early
13,4,5.643157760226076,1.0,early
13,5,8.043766067015898,1.0,early
13,6,5.8993833085056036,1.0,early
13,7,5.382540226807916,1.0,early
13,8,5.128021898237731,1.0,early
13,9,5.450008421221947,1.0,early
13,10,9.315084827853319,1.0,early
14,1,0.7818494679734298,0.0,early
14,2,2.3237380054912435,0.0,early
14,3,0.9589164553420202,0.0,early
14,4,2.3285464285301756,1.0,early
14,5,4.830802426472122,1.0,early
14,6,4.428642648636022,1.0,early
14,7,2.628027607933099,1.0,early
14,8,3.172720766666852,1.0,early
14,9,3.7177118593470064,1.0,early
14,10,3.4316036615732215,1.0,early
15,1,-0.03200218678995309,0.0,early
15,2,3.6720509416429348,0.0,early
15,3,-3.6011774610188088,0.0,early
15,4,4.1317953660711675,1.0,early
15,5,3.0499428425170465,1.0,early
15,6,3.9117228236851727,1.0,early
15,7,4.963435582643759,1.0,early
15,8,3.6544854676536658,1.0,early
15,9,3.1390130179493965,1.0,early
15,10,5.019084147796386,1.0,early
16,1,-3.304286511193324,0.0,early
16,2,-0.9277945622939658,0.0,early
16,3,-5.060433163615631,0.0,early
16,4,-0.35068757273310824,1.0,early
16,5,4.268889018685352,1.0,early
16,6,3.9407632719130374,1.0,early
16,7,3.6179236350235358,1.0,early
16,8,-0.5633627588076001,1.0,early
16,9,-0.5382696997472884,1.0,early
16,10,0.8993643055450669,1.0,early
17,1,-1.9644802078733754,0.0,early
17,2,1.4735875450459497,0.0,early
17,3,-2.5798894609084897,0.0,early
17,4,1.4094535394336158,1.0,early
17,5,2.8517123123557377,1.0,early
17,6,5.608562561299891,1.0,early
17,7,4.629543973212067,1.0,early
17,8,3.169295984326066,1.0,early
17,9,-1.3187676546245113,1.0,early
17,10,2.6434520858235535,1.0,early
18,1,-1.0369828400205487,0.0,early
18,2,-1.2840779467213126,0.0,early
18,3,-5.202119677419734,0.0,early
18,4,1.6457836059618935,1.0,early
18,5,2.81717327965429,1.0,early
18,6,0.5749474724132246,1.0,early
18,7,-0.888182952828507,1.0,early
18,8,1.48505839239977,1.0,early
18,9,-1.7072075905713615,1.0,early
18,10,2.6544651744787062,1.0,early
19,1,-0.40657026637634475,0.0,early
19,2,1.7525489350693708,0.0,early
19,3,0.7223560557683816,0.0,early
19,4,2.2223489564337973,1.0,early
19,5,3.2430278657914178,1.0,early
19,6,4.3996285635601815,1.0,early
19,7,3.6591023146395014,1.0,early
19,8,4.616224283421314,1.0,early
19,9,-0.2506333382251227,1.0,early
19,10,3.2473388102400484,1.0,early
20,1,0.5407928608433067,0.0,early
20,2,0.3506276978409224,0.0,early
20,3,0.41056642075293315,0.0,early
20,4,2.5196202846305553,1.0,early
20,5,4.0224650314389665,1.0,early
20,6,1.6918942564052177,1.0,early
20,7,5.782135194334276,1.0,early
20,8,0.3114620253013931,1.0,early
20,9,3.3037432295793865,1.0,early
20,10,1.9865471219468684,1.0,early
21,1,-4.152354113049384,0.0,early
21,2,-1.8388986649626116,0.0,early
21,3,-4.593187001433195,0.0,early
21,4,-2.6676564191077756,1.0,early
21,5,-1.7132400090151103,1.0,early
21,6,-1.8024624931246542,1.0,early
21,7,-0.223549136690967,1.0,early
21,8,-2.187381046625929,1.0,early
21,9,-2.1218129613527124,1.0,early
21,10,-1.892506636868534,1.0,early
22,1,2.787516097099077,0.0,early
22,2,3.4927680844095126,0.0,early
22,3,-0.8284210062469649,0.0,early
22,4,4.435262819178227,1.0,early
22,5,7.815465035801372,1.0,early
22,6,3.6164290687756218,1.0,early
22,7,4.5920986883793615,1.0,early
22,8,4.730661648831014,1.0,early
22,9,4.565318662361025,1.0,early
22,10,5.682018760258887,1.0,early
23,1,0.16120994397085525,0.0,early
23,2,2.2589317068644386,0.0,early
23,3,-0.9110819109888901,0.0,early
23,4,3.6354964698154766,1.0,early
23,5,4.827162980480959,1.0,early
23,6,3.7640489516493734,1.0,early
23,7,6.398744038535687,1.0,early
23,8,5.721018633437412,1.0,early
23,9,3.0143716317799907,1.0,early
23,10,7.708147885910116,1.0,early
24,1,0.8433629950338475,0.0,early
24,2,1.3696617632173498,0.0,early
24,3,-1.5810718140468933,0.0,early
24,4,3.6369440596619462,1.0,early
24,5,4.292653654571788,1.0,early
24,6,4.133708784849385,1.0,early
24,7,5.169565299542999,1.0,early
24,8,2.4096667935038045,1.0,early
24,9,1.8378492348371662,1.0,early
24,10,5.458821458610674,1.0,early
25,1,-2.5707112934601866,0.0,early
25,2,-0.5420903101977324,0.0,early
25,3,-2.5219924660575854,0.0,early
25,4,-0.4006611504784303,1.0,early
25,5,0.059777627543742384,1.0,early
25,6,1.4352229753435173,1.0,early
25,7,-2.086106932238467,1.0,early
25,8,-0.6415813024398308,1.0,early
25,9,-0.5912025093649873,1.0,early
25,10,2.8832698389383737,1.0,early
26,1,0.30756080543641356,0.0,early
26,2,3.4777706827117165,0.0,early
26,3,-1.4140573779931225,0.0,early
26,4,1.4818899327344386,1.0,early
26,5,4.471339391026155,1.0,early
26,6,3.8153858287353906,1.0,early
26,7,2.8147911571183335,1.0,early
26,8,2.438239637459036,1.0,early
26,9,2.1327557642842363,1.0,early
26,10,3.612013113492651,1.0,early
27,1,-5.994535629142154,0.0,early
27,2,-1.4893969936379257,0.0,early
27,3,-4.684325573393344,0.0,early
27,4,-1.4816514223975608,1.0,early
27,5,-0.9952670813241326,1.0,early
27,6,-1.384953520958204,1.0,early
27,7,0.1801288563920651,1.0,early
27,8,1.0215528602324886,1.0,early
27,9,-2.21370272493332,1.0,early
27,10,-0.3330654619071878,1.0,early
28,1,-0.9401963524779928,0.0,early
28,2,-0.4663998795176656,0.0,early
28,3,-1.841538212942202,0.0,early
28,4,3.727765414057713,1.0,early
28,5,4.784450971474428,1.0,early
28,6,2.973940292570478,1.0,early
28,7,3.4695042310642012,1.0,early
28,8,2.684868471885926,1.0,early
28,9,2.6194051375234237,1.0,early
28,10,4.93453997229885,1.0,early
29,1,-0.24535009471972774,0.0,early
29,2,1.4419756977020557,0.0,early
29,3,-2.2907333121955213,0.0,early
29,4,1.2683238683648264,1.0,early
29,5,3.8465078499984657,1.0,early
29,6,-0.20663742335587187,1.0,early
29,7,4.64515826683532,1.0,early
29,8,2.7830508821676947,1.0,early
29,9,2.7134045619315206,1.0,early
29,10,2.9062921817433374,1.0,early
30,1,1.0590392368082029,0.0,early
30,2,3.0969303018809113,0.0,early
30,3,-3.0403517921555574,0.0,early
30,4,1.6347468069786615,1.0,early
30,5,4.07987630560553,1.0,early
30,6,4.536802634270377,1.0,early
30,7,3.0378549274032762,1.0,early
30,8,2.9107743722306036,1.0,early
30,9,3.5250910363202514,1.0,early
30,10,5.203097114228873,1.0,early
31,1,-3.9464522785049203,0.0,early
31,2,-1.0502201291646187,0.0,early
31,3,-7.58832368679108,0.0,early
31,4,1.034285933086448,1.0,early
31,5,2.858433814454691,1.0,early
31,6,-1.0905138643167094,1.0,early
31,7,-0.5248468663084842,1.0,early
31,8,-1.20296299840775,1.0,early
31,9,0.6496673452783813,1.0,early
31,10,0.4439702168576103,1.0,early
32,1,-1.6130265638998769,0.0,early
32,2,-1.3221631997882162,0.0,early
32,3,-2.538580841709541,0.0,early
32,4,-1.3574515505305058,1.0,early
32,5,2.4187432544742906,1.0,early
32,6,1.8389895758569046,1.0,early
32,7,-0.9825126803653389,1.0,early
32,8,-1.350683667396577,1.0,early
32,9,-1.5966315815463017,1.0,early
32,10,0.40333753905351893,1.0,early
33,1,-2.257458775162106,0.0,early
33,2,-0.8670553001593737,0.0,early
33,3,-0.5686251654131989,0.0,early
33,4,-0.6496307850090902,1.0,early
33,5,3.2646242036846704,1.0,early
33,6,1.8205590902242048,1.0,early
33,7,2.054442086293988,1.0,early
33,8,0.7672497958214687,1.0,early
33,9,0.017292726173088746,1.0,early
33,10,3.823315412935383,1.0,early
34,1,-0.8668091797897899,0.0,early
34,2,2.969039839046597,0.0,early
34,3,-1.038688940445523,0.0,early
34,4,1.6916194702745861,1.0,early
34,5,2.3831094056402553,1.0,early
34,6,3.9709306895115257,1.0,early
34,7,2.0238946271199216,1.0,early
34,8,1.2456109797345496,1.0,early
34,9,1.4034568154795943,1.0,early
34,10,3.4419857408525156,1.0,early
35,1,0.5082178536431806,0.0,early
35,2,2.8283235014341126,0.0,early
35,3,-2.505362332803716,0.0,early
35,4,1.7521955255903279,1.0,early
35,5,3.7905791988352533,1.0,early
35,6,1.7523736796075775,1.0,early
35,7,-0.013739144037152595,1.0,early
35,8,4.058561440150006,1.0,early
35,9,1.8747130075420546,1.0,early
35,10,2.490291373769456,1.0,early
36,1,2.7297178937591777,0.0,early
36,2,5.821864572965709,0.0,early
36,3,1.657908321328344,0.0,early
36,4,7.417958978918794,1.0,early
36,5,6.228063548580204,1.0,early
36,6,3.1347492954532665,1.0,early
36,7,5.701109829519152,1.0,early
36,8,6.263900614370384,1.0,early
36,9,3.970592030328346,1.0,early
36,10,5.957313609412944,1.0,early
37,1,-2.0939359579688066,0.0,early
37,2,-1.1368518241639893,0.0,early
37,3,-4.603238922579613,0.0,early
37,4,0.9781474218683628,1.0,early
37,5,2.643667970674821,1.0,early
37,6,2.0410073639796282,1.0,early
37,7,1.754316207848714,1.0,early
37,8,0.16922218456920501,1.0,early
37,9,0.5355816148179955,1.0,early
37,10,2.3849127385002866,1.0,early
38,1,-1.026937834937226,0.0,early
38,2,-1.2892948977315588,0.0,early
38,3,-3.7478381892532373,0.0,early
38,4,-1.7836901276538146,1.0,early
38,5,1.2306555456992971,1.0,early
38,6,-1.3009143406457542,1.0,early
38,7,1.847844481986707,1.0,early
38,8,0.47101727384466086,1.0,early
38,9,0.6971006188118444,1.0,early
38,10,2.456474960928462,1.0,early
39,1,1.6937226990472039,0.0,early
39,2,3.199676024608472,0.0,early
39,3,-0.3349882745029573,0.0,early
39,4,4.591823598406305,1.0,early
39,5,4.999430154123909,1.0,early
39,6,3.5404742237971525,1.0,early
39,7,6.045005757543693,1.0,early
39,8,4.977819842102627,1.0,early
39,9,0.6756902776689289,1.0,early
39,10,6.961012757150083,1.0,early
40,1,-2.781871730233319,0.0,early
40,2,0.4602137812142276,0.0,early
40,3,-2.5661466238190234,0.0,early
40,4,1.7971426934753603,1.0,early
40,5,1.5867966676447458,1.0,early
40,6,-0.49990757398936647,1.0,early
40,7,0.9127212822785353,1.0,early
40,8,1.5262330375846953,1.0,early
40,9,0.45534184754676654,1.0,early
40,10,0.877547772347993,1.0,early
41,1,0.8861805754471103,0.0,early
41,2,0.4476381179767983,0.0,early
41,3,-0.6403285444247866,0.0,early
41,4,3.3217422474497553,1.0,early
41,5,4.596891019881742,1.0,early
41,6,5.170971607844561,1.0,early
41,7,2.3825692911322687,1.0,early
41,8,3.4200625829504245,1.0,early
41,9,0.9067024357266857,1.0,early
41,10,3.2053217005067935,1.0,early
42,1,-2.981628122988079,0.0,early
42,2,-2.7257115446808418,0.0,early
42,3,-5.455361545283129,0.0,early
42,4,-0.7928230707731835,1.0,early
42,5,0.4318493495145836,1.0,early
42,6,1.4071975991700811,1.0,early
42,7,-1.092749772270958,1.0,early
42,8,0.09954785501127761,1.0,early
42,9,-0.3878073586323476,1.0,early
42,10,1.294313188766294,1.0,early
43,1,-1.9833202162046117,0.0,early
43,2,-2.854332531032451,0.0,early
43,3,-0.18304215573903493,0.0,early
43,4,-0.05940161955019607,1.0,early
43,5,3.927766832915995,1.0,early
43,6,1.4237870603449123,1.0,early
43,7,2.89731625947997,1.0,early
43,8,0.6268703888383416,1.0,early
43,9,-3.3119521435567543,1.0,early
43,10,1.4241327930348668,1.0,early
44,1,2.9798377530219935,0.0,early
44,2,4.29211448760615,0.0,early
44,3,1.5030468888800614,0.0,early
44,4,5.057649713454848,1.0,early
44,5,7.650869105435647,1.0,early
44,6,4.953610563103176,1.0,early
44,7,5.6167916674794,1.0,early
44,8,7.329153161123153,1.0,early
44,9,5.385939341490834,1.0,early
44,10,5.850358917606585,1.0,early
45,1,0.3901442282841756,0.0,early
45,2,1.2453224033340722,0.0,early
45,3,-1.4752909842975912,0.0,early
45,4,3.049073923617387,1.0,early
45,5,3.9476233635353015,1.0,early
45,6,3.397500368541433,1.0,early
45,7,5.030335083643079,1.0,early
45,8,3.7296170391007575,1.0,early
45,9,3.3978454080342595,1.0,early
45,10,5.216914442473855,1.0,early
46,1,-1.102674280347074,0.0,early
46,2,2.603249757000629,0.0,early
46,3,0.5251521107619399,0.0,early
46,4,3.531572669484106,1.0,early
46,5,3.6341968029584586,1.0,early
46,6,3.5998883001096376,1.0,early
46,7,4.828927171390921,1.0,early
46,8,2.9429587031558735,1.0,early
46,9,1.0191382024894817,1.0,early
46,10,3.8405166191440605,1.0,early
47,1,1.4688022186055179,0.0,early
47,2,3.0295774959336903,0.0,early
47,3,-0.587667703810719,0.0,early
47,4,3.866283119157494,1.0,early
47,5,3.542901792188082,1.0,early
47,6,1.9702103450397668,1.0,early
47,7,7.84376925275018,1.0,early
47,8,4.81111188967588,1.0,early
47,9,2.1583455702875227,1.0,early
47,10,2.4669114342061356,1.0,early
48,1,-3.72410323087168,0.0,early
48,2,0.8616539871261669,0.0,early
48,3,-1.7256473397558845,0.0,early
48,4,0.9750595360124042,1.0,early
48,5,4.030244998433668,1.0,early
48,6,2.1195887559408555,1.0,early
48,7,3.580296679365972,1.0,early
48,8,2.1994918998670965,1.0,early
48,9,2.037265160527212,1.0,early
48,10,2.5580688129225706,1.0,early
49,1,1.4013414200522671,0.0,early
49,2,0.18345785298749206,0.0,early
49,3,-3.5490152827164945,0.0,early
49,4,1.339364877824131,1.0,early
49,5,2.5526855653647633,1.0,early
49,6,3.057743399657169,1.0,early
49,7,2.0519652233741223,1.0,early
49,8,0.6463674430119558,1.0,early
49,9,1.1680352226547905,1.0,early
49,10,1.8151354359127985,1.0,early
50,1,-2.820921002499132,0.0,early
50,2,-0.6316703548369711,0.0,early
50,3,-2.1282897589743985,0.0,early
50,4,-1.2653783066889226,1.0,early
50,5,2.7849818575629777,1.0,early
50,6,2.069997451572616,1.0,early
50,7,1.110185297538503,1.0,early
50,8,1.836067387502271,1.0,early
50,9,-0.1629303281103535,1.0,early
50,10,2.4181840854252776,1.0,early
51,1,1.8257705771237256,0.0,early
51,2,4.879543327677391,0.0,early
51,3,-4.979549456695905,0.0,early
51,4,0.8929694050108252,1.0,early
51,5,4.446400424483495,1.0,early
51,6,3.3417663637821735,1.0,early
51,7,0.9914896212705278,1.0,early
51,8,3.5616730096288323,1.0,early
51,9,3.2812689267526167,1.0,early
51,10,3.5370221510765516,1.0,early
52,1,0.22896485666224464,0.0,early
52,2,2.263665391160371,0.0,early
52,3,-0.694906690881175,0.0,early
52,4,1.3177141920428381,1.0,early
52,5,2.0727663609993527,1.0,early
52,6,3.0090131650655043,1.0,early
52,7,3.65054409935425,1.0,early
52,8,3.51536239983608,1.0,early
52,9,2.883338009267079,1.0,early
52,10,7.128134079624118,1.0,early
53,1,-0.05665431837493884,0.0,early
53,2,2.0544115328308012,0.0,early
53,3,-4.093445014165147,0.0,early
53,4,-0.330219179341511,1.0,early
53,5,4.554125776484712,1.0,early
53,6,-1.19487247502703,1.0,early
53,7,0.9540622393251474,1.0,early
53,8,2.6770290223907263,1.0,early
53,9,1.9232204684722645,1.0,early
53,10,0.2721274071022729,1.0,early
54,1,3.334831322496367,0.0,early
54,2,1.895942714848555,0.0,early
54,3,2.115337533419548,0.0,early
54,4,3.7661593591528457,1.0,early
54,5,6.317343470531896,1.0,early
54,6,6.729454008333732,1.0,early
54,7,8.019796557967771,1.0,early
54,8,6.776782015660188,1.0,early
54,9,2.8139700485390584,1.0,early
54,10,6.248492632433913,1.0,early
55,1,-0.10315553760990559,0.0,early
55,2,3.41432619667688,0.0,early
55,3,-2.084344363265947,0.0,early
55,4,2.3613148927852317,1.0,early
55,5,5.975335281998408,1.0,early
55,6,4.0729417967182355,1.0,early
55,7,4.057785813167409,1.0,early
55,8,3.9628948931062387,1.0,early
55,9,5.016550517971825,1.0,early
55,10,2.0362959847845072,1.0,early
56,1,-1.4716069901291717,0.0,early
56,2,-1.3043042299678824,0.0,early
56,3,-4.076092015361291,0.0,early
56,4,-2.9163601005550364,1.0,early
56,5,1.8449009779564614,1.0,early
56,6,0.6914986977665497,1.0,early
56,7,0.9287677859692973,1.0,early
56,8,-0.9154876347551741,1.0,early
56,9,-2.7736534049918538,1.0,early
56,10,1.6679305758989997,1.0,early
57,1,4.718935936206314,0.0,early
57,2,5.4445063809208385,0.0,early
57,3,1.2613494944397323,0.0,early
57,4,3.6161366758321707,1.0,early
57,5,6.014488928509143,1.0,early
57,6,5.505663159028948,1.0,early
57,7,5.51908714783937,1.0,early
57,8,4.292133187018043,1.0,early
57,9,2.7229571132518835,1.0,early
57,10,7.012130498782138,1.0,early
58,1,0.33725892154952963,0.0,early
58,2,1.422818537669165,0.0,early
58,3,-4.1106120402068465,0.0,early
58,4,-0.796815591149449,1.0,early
58,5,2.8306779991830258,1.0,early
58,6,1.7539955990176521,1.0,early
58,7,-0.4726714214745157,1.0,early
58,8,2.529902255654265,1.0,early
58,9,1.684382793625764,1.0,early
58,10,1.478201016147045,1.0,early
59,1,-1.3207940206325206,0.0,early
59,2,-0.544997281470979,0.0,early
59,3,-3.6767948651137825,0.0,early
59,4,1.9957753496009074,1.0,early
59,5,2.323784557472778,1.0,early
59,6,2.8133160742817127,1.0,early
59,7,5.96056768207038,1.0,early
59,8,2.1120396756282602,1.0,early
59,9,1.5163619123341865,1.0,early
59,10,2.312832754629029,1.0,early
60,1,-0.27395589841667206,0.0,early
60,2,1.577697566426647,0.0,early
60,3,-0.92871333179749,0.0,early
60,4,0.06798116505493534,1.0,early
60,5,4.8132634427300705,1.0,early
60,6,1.2155255383565153,1.0,early
60,7,-0.09121734257787573,1.0,early
60,8,1.7587234379570644,1.0,early
60,9,0.7904056170423277,1.0,early
60,10,4.141525334756003,1.0,early
61,1,2.72840572530742,0.0,early
61,2,3.1681807690129187,0.0,early
61,3,-1.2617682640412244,0.0,early
61,4,2.5660785348673905,1.0,early
61,5,6.751744322877839,1.0,early
61,6,6.487554204436153,1.0,early
61,7,4.265067391387161,1.0,early
61,8,4.230052702074331,1.0,early
61,9,6.195519259155782,1.0,early
61,10,4.821420727144924,1.0,early
62,1,4.227560845191714,0.0,early
62,2,2.585471982429325,0.0,early
62,3,-0.0041394960556307425,0.0,early
62,4,4.345907109751812,1.0,early
62,5,5.295509280446636,1.0,early
62,6,4.853444981905067,1.0,early
62,7,2.9319402525615716,1.0,early
62,8,4.90697931861688,1.0,early
62,9,1.4410379742816286,1.0,early
62,10,6.070839140998428,1.0,early
63,1,-0.895120891022496,0.0,early
63,2,-1.6361189250791617,0.0,early
63,3,-3.6092806059850293,0.0,early
63,4,-0.20633898157272829,1.0,early
63,5,3.2122632412660685,1.0,early
63,6,-2.550984190834256,1.0,early
63,7,1.0147686377458127,1.0,early
63,8,-1.9159771426474705,1.0,early
63,9,0.8558661954049125,1.0,early
63,10,0.13190469354543716,1.0,early
64,1,1.4510344965223119,0.0,early
64,2,3.3138105790852515,0.0,early
64,3,2.2894061901071545,0.0,early
64,4,1.1216267574857586,1.0,early
64,5,3.934673473195946,1.0,early
64,6,2.855266376850014,1.0,early
64,7,3.8218261214374105,1.0,early
64,8,1.6641876253467691,1.0,early
64,9,2.818997652350339,1.0,early
64,10,3.7368015945005815,1.0,early
65,1,0.3882759624400469,0.0,early
65,2,-1.7001643105902768,0.0,early
65,3,-6.2027772693799115,0.0,early
65,4,-2.374664816896578,1.0,early
65,5,-0.7568279386322572,1.0,early
65,6,-0.6540106486338986,1.0,early
65,7,0.7680507039608548,1.0,early
65,8,1.845075676248297,1.0,early
65,9,-0.12538369185025533,1.0,early
65,10,-0.26102416201980083,1.0,early
66,1,1.7657929602079514,0.0,early
66,2,2.491853207421021,0.0,early
66,3,-1.8684243817040165,0.0,early
66,4,1.5684699371865283,1.0,early
66,5,3.0435999648248746,1.0,early
66,6,3.0046902322089086,1.0,early
66,7,2.068025825525023,1.0,early
66,8,0.9752219218167377,1.0,early
66,9,1.0176995185098676,1.0,early
66,10,3.058470558547272,1.0,early
67,1,-1.1847638635575102,0.0,early
67,2,-2.2897547352807033,0.0,early
67,3,-6.070297267703672,0.0,early
67,4,-1.9180772826580714,1.0,early
67,5,-0.15098803221554657,1.0,early
67,6,-0.014108394839517036,1.0,early
67,7,0.7312557178016224,1.0,early
67,8,0.3882158250680754,1.0,early
67,9,-1.8809205238955402,1.0,early
67,10,0.5941417375882881,1.0,early
68,1,1.059044327535334,0.0,early
68,2,3.008675624426032,0.0,early
68,3,-1.437237610257948,0.0,early
68,4,4.437953557586723,1.0,early
68,5,5.420843047970529,1.0,early
68,6,4.074607231601886,1.0,early
68,7,5.5647579362291095,1.0,early
68,8,2.3597170045321905,1.0,early
68,9,2.3748789206331176,1.0,early
68,10,4.023511326733429,1.0,early
69,1,-1.2017866936772512,0.0,early
69,2,0.412385424277708,0.0,early
69,3,-2.9816029450849717,0.0,early
69,4,0.6406844837908166,1.0,early
69,5,3.365600080594753,1.0,early
69,6,-0.22954045763984976,1.0,early
69,7,0.6099151571413897,1.0,early
69,8,1.5016335962282554,1.0,early
69,9,-2.2823828687580834,1.0,early
69,10,0.6518624766421655,1.0,early
70,1,-2.1845287053317284,0.0,early
70,2,3.4859850911311856,0.0,early
70,3,-0.20728343267412105,0.0,early
70,4,-0.14867268632957353,1.0,early
70,5,7.832973870283485,1.0,early
70,6,2.7473554697738987,1.0,early
70,7,5.0531994294535005,1.0,early
70,8,2.681457943234981,1.0,early
70,9,0.24482651723800364,1.0,early
70,10,3.1806601385458655,1.0,early
71,1,-2.3491697761601107,0.0,early
71,2,2.1076542036875696,0.0,early
71,3,-2.623596739951206,0.0,early
71,4,2.708887577405088,1.0,early
71,5,3.1957023489086227,1.0,early
71,6,0.7041126608809424,1.0,early
71,7,2.559187510612361,1.0,early
71,8,2.333533843967213,1.0,early
71,9,1.308015934260369,1.0,early
71,10,1.2093543945055745,1.0,early
72,1,-0.3908495235843783,0.0,early
72,2,5.019772004738577,0.0,early
72,3,0.19875123273436562,0.0,early
72,4,2.0717042076049084,1.0,early
72,5,4.34033545910273,1.0,early
72,6,2.5099569009046734,1.0,early
72,7,5.891102719412325,1.0,early
72,8,1.8760596528349394,1.0,early
72,9,0.5507782328125472,1.0,early
72,10,6.146995314585506,1.0,early
73,1,4.56503875583105,0.0,early
73,2,1.2214124343758075,0.0,early
73,3,-1.9940582644719158,0.0,early
73,4,4.6017714931936595,1.0,early
73,5,2.3747802991891085,1.0,early
73,6,2.901451817227042,1.0,early
73,7,5.159059707676031,1.0,early
73,8,1.5288855198045566,1.0,early
73,9,1.8921190834299875,1.0,early
73,10,3.78113101017077,1.0,early
74,1,-1.4190555079374951,0.0,early
74,2,0.39873813293507987,0.0,early
74,3,-2.5876852377260064,0.0,early
74,4,1.9649532554445601,1.0,early
74,5,5.262086555309185,1.0,early
74,6,3.7606386025146215,1.0,early
74,7,1.7803987414485445,1.0,early
74,8,1.9627167747756968,1.0,early
74,9,3.2123303314627263,1.0,early
74,10,5.12049008600195,1.0,early
75,1,-2.7323581522153404,0.0,early
75,2,-0.3291032885351588,0.0,early
75,3,-3.623492322635431,0.0,early
75,4,-1.04038330458622,1.0,early
75,5,3.994739816072082,1.0,early
75,6,-0.4375015331217541,1.0,early
75,7,3.408690429391128,1.0,early
75,8,0.11521605275953628,1.0,early
75,9,1.2430207343115898,1.0,early
75,10,2.006430390841781,1.0,early
76,1,0.22271790516889167,0.0,early
76,2,0.5669154499554847,0.0,early
76,3,0.2586057062592064,0.0,early
76,4,2.958103321563281,1.0,early
76,5,6.024066274407,1.0,early
76,6,3.2972629800262485,1.0,early
76,7,1.041971723370452,1.0,early
76,8,3.5646393808697163,1.0,early
76,9,1.5773903102648867,1.0,early
76,10,2.5717065020690977,1.0,early
77,1,-5.010805825261627,0.0,early
77,2,-4.03212782917986,0.0,early
77,3,-5.526377299926942,0.0,early
77,4,-0.8677566992018586,1.0,early
77,5,-0.9056337329330215,1.0,early
77,6,-2.710278441736845,1.0,early
77,7,-2.7981702751357695,1.0,early
77,8,-2.0824655923696405,1.0,early
77,9,-2.9144158777967277,1.0,early
77,10,-2.7455868966563743,1.0,early
78,1,-0.6508823251722199,0.0,early
78,2,2.2779884041881737,0.0,early
78,3,-1.35097258530562,0.0,early
78,4,3.175531797707604,1.0,early
78,5,6.225044064595764,1.0,early
78,6,4.37749538222534,1.0,early
78,7,4.636430011977327,1.0,early
78,8,4.037379947038099,1.0,early
78,9,0.6643315252169064,1.0,early
78,10,4.157726041515912,1.0,early
79,1,3.1891366176135665,0.0,early
79,2,3.5104909862756966,0.0,early
79,3,3.2707733807031634,0.0,early
79,4,4.029775780324606,1.0,early
79,5,7.552740723271046,1.0,early
79,6,6.612113286676499,1.0,early
79,7,7.771224655919296,1.0,early
79,8,8.559901754375646,1.0,early
79,9,4.634435155219531,1.0,early
79,10,8.977462418121807,1.0,early
80,1,2.873621552275524,0.0,early
80,2,2.726113238221501,0.0,early
80,3,-2.0212361418057503,0.0,early
80,4,-0.7959791961614036,1.0,early
80,5,3.005320823721658,1.0,early
80,6,4.791517624876264,1.0,early
80,7,3.3835745281218124,1.0,early
80,8,2.494490119156733,1.0,early
80,9,1.7222738922383956,1.0,early
80,10,2.7046624978238976,1.0,early
81,1,3.098115593121435,0.0,early
81,2,4.292359892976998,0.0,early
81,3,3.0336125771630824,0.0,early
81,4,4.662796952059659,1.0,early
81,5,6.092354544182143,1.0,early
81,6,3.8437674260357264,1.0,early
81,7,4.005115861952147,1.0,early
81,8,5.942894338612291,1.0,early
81,9,4.411700027329394,1.0,early
81,10,5.033657059113107,1.0,early
82,1,-0.5478892350709418,0.0,early
82,2,1.682579676727744,0.0,early
82,3,-3.740985383516363,0.0,early
82,4,1.4769923784990984,1.0,early
82,5,3.883091554019223,1.0,early
82,6,1.2516503625147783,1.0,early
82,7,1.7559142991115122,1.0,early
82,8,0.5196082317931523,1.0,early
82,9,-0.17145928837174812,1.0,early
82,10,0.6865134422406775,1.0,early
83,1,-0.7615621208545293,0.0,early
83,2,1.0654124420384394,0.0,early
83,3,1.878392803742373,0.0,early
83,4,0.5109133513559394,1.0,early
83,5,6.033139882881093,1.0,early
83,6,3.431071082961268,1.0,early
83,7,3.4862467453459574,1.0,early
83,8,3.142666913929754,1.0,early
83,9,3.7027197783331403,1.0,early
83,10,2.3342188082941493,1.0,early
84,1,2.102344432882073,0.0,early
84,2,3.02661723472551,0.0,early
84,3,-2.4609619098651843,0.0,early
84,4,2.182460501047649,1.0,early
84,5,4.366844721957633,1.0,early
84,6,3.480946499152758,1.0,early
84,7,3.3571575421352975,1.0,early
84,8,1.8242728766840308,1.0,early
84,9,0.464591602083967,1.0,early
84,10,3.955370325646427,1.0,early
85,1,2.9297453126968818,0.0,early
85,2,1.735388147311289,0.0,early
85,3,-2.749753263112329,0.0,early
85,4,0.8138042683120748,1.0,early
85,5,7.727896407833599,1.0,early
85,6,2.8758416083364993,1.0,early
85,7,4.46818424597147,1.0,early
85,8,4.537194888173385,1.0,early
85,9,4.239384051411632,1.0,early
85,10,3.695160297978986,1.0,early
86,1,2.0233611696193208,0.0,early
86,2,1.4322788399894635,0.0,early
86,3,-1.3280139447420432,0.0,early
86,4,3.630691809114227,1.0,early
86,5,4.219549673407482,1.0,early
86,6,-0.648561167176499,1.0,early
86,7,-0.8675926014913995,1.0,early
86,8,2.2468542980465553,1.0,early
86,9,2.0265974861850573,1.0,early
86,10,3.8511441147895753,1.0,early
87,1,2.320361551518316,0.0,early
87,2,-0.6663607347492679,0.0,early
87,3,-1.716599259421899,0.0,early
87,4,1.118571330254101,1.0,early
87,5,4.806707613252815,1.0,early
87,6,3.627347388159909,1.0,early
87,7,3.247636312563799,1.0,early
87,8,2.621768793483147,1.0,early
87,9,-0.3279753351792125,1.0,early
87,10,3.5773596109762726,1.0,early
88,1,0.5466925289197004,0.0,early
88,2,0.9913124123734499,0.0,early
88,3,-2.846061581597295,0.0,early
88,4,2.2736263404397863,1.0,early
88,5,4.4926669189711514,1.0,early
88,6,1.463798366908145,1.0,early
88,7,2.7964126504822278,1.0,early
88,8,-1.1982792053979117,1.0,early
88,9,0.3366130951948475,1.0,early
88,10,2.508669670214056,1.0,early
89,1,-0.3021100623806434,0.0,early
89,2,-1.7438067533778208,0.0,early
89,3,-0.6280495822238752,0.0,early
89,4,0.9188187849114553,1.0,early
89,5,3.7967601466491687,1.0,early
89,6,1.4441692425219066,1.0,early
89,7,3.9083774631631254,1.0,early
89,8,-1.5205833736709593,1.0,early
89,9,-0.28653905330131324,1.0,early
89,10,2.2212748242250084,1.0,early
90,1,0.5301066856084207,0.0,early
90,2,4.243077651653666,0.0,early
90,3,0.043617696442884935,0.0,early
90,4,3.6065007020433706,1.0,early
90,5,3.705104509467975,1.0,early
90,6,5.559935419747895,1.0,early
90,7,5.269639195171929,1.0,early
90,8,5.697438773882961,1.0,early
90,9,4.048567648452314,1.0,early
90,10,7.361540784109683,1.0,early
91,1,-2.2818254011069317,0.0,early
91,2,0.9121500602220973,0.0,early
91,3,-2.6300650180505345,0.0,early
91,4,-1.0169587617763467,1.0,early
91,5,4.2177547670560385,1.0,early
91,6,1.8719856294633404,1.0,early
91,7,1.89125140440169,1.0,early
91,8,4.300514061562324,1.0,early
91,9,1.7072020594967268,1.0,early
91,10,3.0560303723603703,1.0,early
92,1,1.5885454991659447,0.0,early
92,2,-0.6952998297332571,0.0,early
92,3,-0.4345915968780636,0.0,early
92,4,1.635684118766418,1.0,early
92,5,3.5763783911876703,1.0,early
92,6,0.9365585282086115,1.0,early
92,7,1.019683841389474,1.0,early
92,8,1.1361087518099713,1.0,early
92,9,-1.474002222993355,1.0,early
92,10,3.8386720637362255,1.0,early
93,1,2.314723861216839,0.0,early
93,2,3.873455959129533,0.0,early
93,3,0.24515266652977902,0.0,early
93,4,2.872579340699275,1.0,early
93,5,6.775909846496382,1.0,early
93,6,6.300095514031652,1.0,early
93,7,6.193617336925805,1.0,early
93,8,7.183816132272276,1.0,early
93,9,3.585676409544983,1.0,early
93,10,5.0131642389794004,1.0,early
94,1,1.7207282818583194,0.0,early
94,2,0.17521311974475395,0.0,early
94,3,-2.1841252919551164,0.0,early
94,4,3.651270412494058,1.0,early
94,5,6.790389987318578,1.0,early
94,6,4.301858503070148,1.0,early
94,7,5.04328823070931,1.0,early
94,8,0.2102306179588589,1.0,early
94,9,3.342178150087068,1.0,early
94,10,4.3900639006555275,1.0,early
95,1,-0.428145043238487,0.0,early
95,2,3.39048667728735,0.0,early
95,3,-0.07560304239502949,0.0,early
95,4,3.5497873680207324,1.0,early
95,5,3.656051504575368,1.0,early
95,6,3.95564370665111,1.0,early
95,7,4.230786846225816,1.0,early
95,8,3.0455023809981068,1.0,early
95,9,2.4060522272769727,1.0,early
95,10,5.35284055764401,1.0,early
96,1,0.44502862056742887,0.0,early
96,2,0.19311291895842997,0.0,early
96,3,-1.5735554640026646,0.0,early
96,4,1.1444806256771831,1.0,early
96,5,3.1710196985779606,1.0,early
96,6,1.7857289326384942,1.0,early
96,7,1.6884305478820738,1.0,early
96,8,2.5867271307652464,1.0,early
96,9,0.5429360398889971,1.0,early
96,10,5.20632686135323,1.0,early
97,1,1.373688016823823,0.0,early
97,2,5.047769816193153,0.0,early
97,3,-0.3931850671770727,0.0,early
97,4,2.1814386226796723,1.0,early
97,5,8.144979867125365,1.0,early
97,6,4.850487035275971,1.0,early
97,7,4.847264926771062,1.0,early
97,8,5.612671097525786,1.0,early
97,9,5.499702230103512,1.0,early
97,10,5.964405433500082,1.0,early
98,1,-2.268479152392008,0.0,early
98,2,-2.1696885658500458,0.0,early
98,3,-1.2054493153035415,0.0,early
98,4,1.3811090289405104,1.0,early
98,5,1.972039629654342,1.0,early
98,6,1.5637044922836478,1.0,early
98,7,3.185809364104246,1.0,early
98,8,1.702266686039985,1.0,early
98,9,-1.1447875642934036,1.0,early
98,10,-0.1980178938045909,1.0,early
99,1,-1.9065590603791762,0.0,early
99,2,-0.14505125333093294,0.0,early
99,3,-1.3031451589192584,0.0,early
99,4,1.9270341444170414,1.0,early
99,5,3.562547478133202,1.0,early
99,6,-0.013850938343976646,1.0,early
99,7,-1.4084141903672123,1.0,early
99,8,-0.13481839236012463,1.0,early
99,9,-2.157992803742004,1.0,early
99,10,4.336446875264706,1.0,early
100,1,-2.390238773330144,0.0,early
100,2,0.5455307838562126,0.0,early
100,3,-4.5962914811638145,0.0,early
100,4,-0.21665612322322625,1.0,early
100,5,1.3961608685365556,1.0,early
100,6,1.7326533824026498,1.0,early
100,7,0.2734871142814695,1.0,early
100,8,2.8321635413245794,1.0,early
100,9,-2.4857668394111765,1.0,early
100,10,1.0449667836402583,1.0,early
101,1,1.1720699277983433,0.0,late
101,2,2.5542358084100885,0.0,late
101,3,-0.1928742124645874,0.0,late
101,4,0.8718565320574472,0.0,late
101,5,-0.09584106513741442,0.0,late
101,6,-1.0057900656838104,0.0,late
101,7,2.0536692563593744,1.0,late
101,8,3.8516320813939373,1.0,late
101,9,1.2716228779052559,1.0,late
101,10,4.106308411457594,1.0,late
102,1,3.2429124004661016,0.0,late
102,2,2.356856719974326,0.0,late
102,3,-0.9699408502691363,0.0,late
102,4,0.7471496428745423,0.0,late
102,5,2.824705526750963,0.0,late
102,6,-0.306594352107761,0.0,late
102,7,3.325492440983425,1.0,late
102,8,3.0284821015608063,1.0,late
102,9,2.974297400539288,1.0,late
102,10,3.0081570831823763,1.0,late
103,1,-2.422004421791545,0.0,late
103,2,-1.9064259538498263,0.0,late
103,3,-3.567542205339049,0.0,late
103,4,-4.349889437599982,0.0,late
103,5,0.1549492556524319,0.0,late
103,6,-1.6889264417498753,0.0,late
103,7,-2.336523745693996,1.0,late
103,8,0.08652850905359866,1.0,late
103,9,-1.8904241401816242,1.0,late
103,10,1.0345643044104547,1.0,late
104,1,0.6665668402404363,0.0,late
104,2,2.8147157931423967,0.0,late
104,3,-1.322418209282253,0.0,late
104,4,3.5684503456976557,0.0,late
104,5,2.180033752436995,0.0,late
104,6,0.8951857697945167,0.0,late
104,7,5.923995253327485,1.0,late
104,8,1.8304035259797038,1.0,late
104,9,0.692272454849546,1.0,late
104,10,4.132602820789141,1.0,late
105,1,0.6310684560497891,0.0,late
105,2,-0.022743574423418234,0.0,late
105,3,-4.238476744686307,0.0,late
105,4,-1.7659081446506038,0.0,late
105,5,1.1669250595836367,0.0,late
105,6,-0.9946437348071121,0.0,late
105,7,3.65689753453561,1.0,late
105,8,4.781611758544657,1.0,late
105,9,2.08806636763778,1.0,late
105,10,3.23820557225448,1.0,late
106,1,4.507332673091219,0.0,late
106,2,3.4576589016645385,0.0,late
106,3,-0.0667924898938162,0.0,late
106,4,1.4407961282759967,0.0,late
106,5,5.554456194928488,0.0,late
106,6,0.9413836761735168,0.0,late
106,7,5.150934302836136,1.0,late
106,8,3.8681281046735236,1.0,late
106,9,2.4995462969631648,1.0,late
106,10,6.761300544508787,1.0,late
107,1,3.6496072032252336,0.0,late
107,2,5.062550486778388,0.0,late
107,3,2.216768839879282,0.0,late
107,4,1.219877230571907,0.0,late
107,5,4.428642341584506,0.0,late
107,6,4.469637389666148,0.0,late
107,7,6.4329899968871445,1.0,late
107,8,4.9898646308637,1.0,late
107,9,3.8824231647120686,1.0,late
107,10,6.819304358749637,1.0,late
108,1,0.00014076285782083087,0.0,late
108,2,0.5298534416718714,0.0,late
108,3,-4.353042296192266,0.0,late
108,4,-0.731497716916041,0.0,late
108,5,1.0231687795812185,0.0,late
108,6,-1.658492210083683,0.0,late
108,7,0.3488641731106932,1.0,late
108,8,0.7438567027970443,1.0,late
108,9,-1.9738917079747158,1.0,late
108,10,2.6577188547024084,1.0,late
109,1,1.0675605211205466,0.0,late
109,2,2.0774985230579706,0.0,late
109,3,-2.4545668090616477,0.0,late
109,4,-6.085628749166149,0.0,late
109,5,-0.4806916348080317,0.0,late
109,6,-3.2194386622565285,0.0,late
109,7,2.189519274003025,1.0,late
109,8,1.4811237736139717,1.0,late
109,9,-1.5859598993518802,1.0,late
109,10,3.35422353820877,1.0,late
110,1,-3.344658461829361,0.0,late
110,2,-0.9473580348122199,0.0,late
110,3,-4.553868692324976,0.0,late
110,4,-4.777267697252393,0.0,late
110,5,-3.771635552869951,0.0,late
110,6,-3.9977115021140657,0.0,late
110,7,2.3171112192391705,1.0,late
110,8,-0.7766409456301758,1.0,late
110,9,-0.8453418311237988,1.0,late
110,10,1.5778988886565095,1.0,late
111,1,1.16613661791648,0.0,late
111,2,1.6916217616004925,0.0,late
111,3,-2.437172134260577,0.0,late
111,4,-1.7253103499452815,0.0,late
111,5,0.08673033511402739,0.0,late
111,6,-0.005348039679399563,0.0,late
111,7,2.5210214599856697,1.0,late
111,8,-0.4549705915963671,1.0,late
111,9,3.4382503146983376,1.0,late
111,10,2.569980948004696,1.0,late
112,1,-5.653614619729149,0.0,late
112,2,-1.6548439676878772,0.0,late
112,3,-6.2606296301305155,0.0,late
112,4,-3.4901914447269617,0.0,late
112,5,-2.8110597241532247,0.0,late
112,6,-3.9280264610218203,0.0,late
112,7,0.9758757017379215,1.0,late
112,8,-1.7159369340340562,1.0,late
112,9,-3.8040478620482436,1.0,late
112,10,-1.8291202654527796,1.0,late
113,1,-2.479897863374862,0.0,late
113,2,-0.6397076560615647,0.0,late
113,3,-4.587626994673961,0.0,late
113,4,-5.206706631288128,0.0,late
113,5,-0.6864587495388688,0.0,late
113,6,-2.491057496385013,0.0,late
113,7,-0.7534943503322354,1.0,late
113,8,1.5822333294269517,1.0,late
113,9,-0.7101740187855159,1.0,late
113,10,0.22078048161115632,1.0,late
114,1,0.48971326286111183,0.0,late
114,2,4.349882608312513,0.0,late
114,3,-2.809336156478539,0.0,late
114,4,0.8745740794172896,0.0,late
114,5,2.725322038921911,0.0,late
114,6,1.1022474482094888,0.0,late
114,7,3.974565998102206,1.0,late
114,8,3.6453501501888543,1.0,late
114,9,1.3899310569361574,1.0,late
114,10,5.1639458825905775,1.0,late
115,1,3.188766031144738,0.0,late
115,2,2.6353180727876206,0.0,late
115,3,0.2781987854124035,0.0,late
115,4,0.3832142670448715,0.0,late
115,5,1.1566087974882204,0.0,late
115,6,0.5810728776597663,0.0,late
115,7,1.6710445570193133,1.0,late
115,8,4.251031505621212,1.0,late
115,9,2.6153444821748284,1.0,late
115,10,4.283579599135589,1.0,late
116,1,0.8300276497402741,0.0,late
116,2,1.5032500215183915,0.0,late
116,3,0.07713965286915858,0.0,late
116,4,-2.2230663951992,0.0,late
116,5,2.9529175027942385,0.0,late
116,6,3.124830583660015,0.0,late
116,7,2.6715781232537728,1.0,late
116,8,2.028068567031024,1.0,late
116,9,4.438324832817127,1.0,late
116,10,4.554518217467319,1.0,late
117,1,-0.4582082329703847,0.0,late
117,2,2.528962605438709,0.0,late
117,3,-4.3965075860386325,0.0,late
117,4,-0.4349847810111599,0.0,late
117,5,0.8108399919168858,0.0,late
117,6,-0.664768706171712,0.0,late
117,7,3.508330887789108,1.0,late
117,8,2.089379203260476,1.0,late
117,9,2.1652057723858937,1.0,late
117,10,1.3706584693653998,1.0,late
118,1,-0.19871234895253348,0.0,late
118,2,1.2079859386642626,0.0,late
118,3,-2.970999651166913,0.0,late
118,4,-0.6035801231841535,0.0,late
118,5,1.9401946301625803,0.0,late
118,6,0.25291715584732355,0.0,late
118,7,4.152351158259177,1.0,late
118,8,1.0813179021406556,1.0,late
118,9,1.4111131933836232,1.0,late
118,10,4.995913447962495,1.0,late
119,1,-1.2943267837550614,0.0,late
119,2,1.5688302905473093,0.0,late
119,3,-0.244054130779923,0.0,late
119,4,0.19639131071431448,0.0,late
119,5,2.7165411170026337,0.0,late
119,6,1.3005981809881615,0.0,late
119,7,4.697015078863079,1.0,late
119,8,4.194409550043045,1.0,late
119,9,3.9687052212162834,1.0,late
119,10,5.887147690769604,1.0,late
120,1,-0.9952152169017926,0.0,late
120,2,-0.24046145779661576,0.0,late
120,3,-2.2107097979375694,0.0,late
120,4,-1.412945737003468,0.0,late
120,5,0.36950456153043176,0.0,late
120,6,-1.592527599249352,0.0,late
120,7,1.0583124883302815,1.0,late
120,8,2.0607290168788355,1.0,late
120,9,-2.633300724605652,1.0,late
120,10,2.3318640449055272,1.0,late
121,1,2.09465742289943,0.0,late
121,2,1.3014243274900452,0.0,late
121,3,-2.8895885154886987,0.0,late
121,4,-2.031720523058361,0.0,late
121,5,3.2397542523227933,0.0,late
121,6,0.4886509559088137,0.0,late
121,7,4.46543729774018,1.0,late
121,8,2.237006426602485,1.0,late
121,9,3.1192169346932825,1.0,late
121,10,4.435345965040924,1.0,late
122,1,-0.378214034382629,0.0,late
122,2,1.8301341533410087,0.0,late
122,3,0.9959221103038591,0.0,late
122,4,1.7939432895185972,0.0,late
122,5,2.638432624280152,0.0,late
122,6,0.8388089599920363,0.0,late
122,7,3.7926313340002316,1.0,late
122,8,3.770404346429085,1.0,late
122,9,3.312379394477108,1.0,late
122,10,4.872428596395693,1.0,late
123,1,-1.4928202960040653,0.0,late
123,2,1.3053202416119745,0.0,late
123,3,-0.3207112607181052,0.0,late
123,4,1.8005990030626102,0.0,late
123,5,2.981260514788177,0.0,late
123,6,1.0289910004898783,0.0,late
123,7,3.0487864153338275,1.0,late
123,8,1.3408680339708994,1.0,late
123,9,1.5894569462315242,1.0,late
123,10,3.30876378716908,1.0,late
124,1,-0.9469607806652771,0.0,late
124,2,1.4542204924205688,0.0,late
124,3,-2.477528144650381,0.0,late
124,4,-0.7764504803221818,0.0,late
124,5,2.394230231815878,0.0,late
124,6,1.0887953697110486,0.0,late
124,7,3.141020501409569,1.0,late
124,8,1.082831618483766,1.0,late
124,9,-0.5714947773143569,1.0,late
124,10,2.14497791399349,1.0,late
125,1,0.7457539517553251,0.0,late
125,2,0.5619564179050859,0.0,late
125,3,-1.3360912205297475,0.0,late
125,4,1.6660252418108314,0.0,late
125,5,2.8104133385906955,0.0,late
125,6,2.03947430947696,0.0,late
125,7,3.904797966409474,1.0,late
125,8,4.599014361095419,1.0,late
125,9,1.818903361535056,1.0,late
125,10,2.3343765103914382,1.0,late
126,1,-5.85857432258461,0.0,late
126,2,-3.366229123545833,0.0,late
126,3,-5.757795157463606,0.0,late
126,4,-6.158750124746582,0.0,late
126,5,-1.7560753997276053,0.0,late
126,6,-7.002605929255777,0.0,late
126,7,-3.51801990502681,1.0,late
126,8,-1.9014412214000134,1.0,late
126,9,-1.9650169681208092,1.0,late
126,10,-2.8554170728522124,1.0,late
127,1,-8.217085914684212,0.0,late
127,2,-6.414241702732105,0.0,late
127,3,-8.940405911091116,0.0,late
127,4,-7.447931777456119,0.0,late
127,5,-5.96339116136063,0.0,late
127,6,-4.566734788102692,0.0,late
127,7,-4.050604254713681,1.0,late
127,8,-5.7001141013550605,1.0,late
127,9,-2.8710118480945055,1.0,late
127,10,-4.156081766283275,1.0,late
128,1,1.4430056318868987,0.0,late
128,2,-0.43660120266358704,0.0,late
128,3,-2.9917121986423143,0.0,late
128,4,0.4822188192828063,0.0,late
128,5,1.3822887977297165,0.0,late
128,6,-3.0092651488173243,0.0,late
128,7,1.1183016430702484,1.0,late
128,8,2.070722811137835,1.0,late
128,9,-1.7797172058405446,1.0,late
128,10,2.369539288501184,1.0,late
129,1,-3.452470847370913,0.0,late
129,2,-0.4164061549768048,0.0,late
129,3,-6.352625130721339,0.0,late
129,4,-4.778460892831156,0.0,late
129,5,-3.446961664052438,0.0,late
129,6,-4.442152069313248,0.0,late
129,7,-0.7243139481556317,1.0,late
129,8,-2.9108066978079,1.0,late
129,9,-0.9078207873057298,1.0,late
129,10,-0.08149704576986416,1.0,late
130,1,5.381852000261019,0.0,late
130,2,8.159869070052881,0.0,late
130,3,1.021052787695607,0.0,late
130,4,0.9807893740690045,0.0,late
130,5,7.245157048240255,0.0,late
130,6,1.6249522915443646,0.0,late
130,7,8.423583384709744,1.0,late
130,8,5.6052790644659085,1.0,late
130,9,1.7642852894489838,1.0,late
130,10,5.462789449202153,1.0,late
131,1,6.428471569334537,0.0,late
131,2,5.285180186532965,0.0,late
131,3,0.815810038814178,0.0,late
131,4,1.276601803348485,0.0,late
131,5,2.945361783281184,0.0,late
131,6,4.417887995427792,0.0,late
131,7,7.469502193739732,1.0,late
131,8,7.737438454259631,1.0,late
131,9,4.622296080904717,1.0,late
131,10,6.746624369231728,1.0,late
132,1,0.5957119579155092,0.0,late
132,2,2.001362474843222,0.0,late
132,3,-1.1992065800464482,0.0,late
132,4,-2.6373516649558777,0.0,late
132,5,0.4735354577633645,0.0,late
132,6,-2.8568811688728086,0.0,late
132,7,5.532454378968919,1.0,late
132,8,3.5326682511059837,1.0,late
132,9,1.6572117052644333,1.0,late
132,10,5.2561356825380505,1.0,late
133,1,-5.769731833467826,0.0,late
133,2,-3.545338862282405,0.0,late
133,3,-6.075726018603182,0.0,late
133,4,-3.86878697362524,0.0,late
133,5,-1.86376114223455,0.0,late
133,6,-4.523683770834905,0.0,late
133,7,-1.5402889119857242,1.0,late
133,8,-0.7711669687266344,1.0,late
133,9,-3.9209476075689635,1.0,late
133,10,0.4232860662530593,1.0,late
134,1,-2.3656418333821123,0.0,late
134,2,-2.6446330255597825,0.0,late
134,3,-2.660740090560269,0.0,late
134,4,-4.304966612548478,0.0,late
134,5,-2.7445831420121443,0.0,late
134,6,-2.1919200871737035,0.0,late
134,7,-0.8924204752963196,1.0,late
134,8,0.4456180693892732,1.0,late
134,9,-0.5091209088419555,1.0,late
134,10,0.370763403712165,1.0,late
135,1,-3.451648741331638,0.0,late
135,2,0.1840599327125869,0.0,late
135,3,-2.690966915266143,0.0,late
135,4,-3.67240517609337,0.0,late
135,5,-1.3219272732544318,0.0,late
135,6,-3.6235396780962876,0.0,late
135,7,2.1903564722082587,1.0,late
135,8,1.4447406978367596,1.0,late
135,9,-1.9626091362366356,1.0,late
135,10,-1.021182246880746,1.0,late
136,1,-2.028590152388562,0.0,late
136,2,0.018831050486901812,0.0,late
136,3,-0.192965491399813,0.0,late
136,4,-1.8312991905154425,0.0,late
136,5,-0.831805872770533,0.0,late
136,6,0.11267674687198254,0.0,late
136,7,4.358741581255444,1.0,late
136,8,-0.4208605785798972,1.0,late
136,9,1.9490013553633594,1.0,late
136,10,3.1363198941683614,1.0,late
137,1,-6.954648193807829,0.0,late
137,2,0.21243935428115224,0.0,late
137,3,-7.6711989547772195,0.0,late
137,4,-5.255841640084327,0.0,late
137,5,-4.238621457189587,0.0,late
137,6,-4.869182865849415,0.0,late
137,7,1.038508819131423,1.0,late
137,8,-2.2077988968053144,1.0,late
137,9,-4.721218728126458,1.0,late
137,10,1.1706456796171352,1.0,late
138,1,2.423427428122593,0.0,late
138,2,5.38294996789325,0.0,late
138,3,2.557686369299806,0.0,late
138,4,0.5889897907623949,0.0,late
138,5,5.124820428794854,0.0,late
138,6,3.5266560946927488,0.0,late
138,7,5.760119205358755,1.0,late
138,8,6.04992434875478,1.0,late
138,9,3.583982490065808,1.0,late
138,10,5.671435621706802,1.0,late
139,1,-0.9615691122396022,0.0,late
139,2,0.6743161047208235,0.0,late
139,3,-0.5403654994212546,0.0,late
139,4,-1.3082081563091907,0.0,late
139,5,-0.35852689992454706,0.0,late
139,6,0.7307293828567174,0.0,late
139,7,2.2952405074886064,1.0,late
139,8,-0.05232060383909509,1.0,late
139,9,-0.333672358432385,1.0,late
139,10,2.725747395670576,1.0,late
140,1,0.24661840095103227,0.0,late
140,2,0.6048804848231369,0.0,late
140,3,-0.8736877047034963,0.0,late
140,4,-2.9881076815655736,0.0,late
140,5,1.294087682441866,0.0,late
140,6,-2.3507053421799418,0.0,late
140,7,1.1898770559575989,1.0,late
140,8,1.6906845563479367,1.0,late
140,9,0.5746153257002078,1.0,late
140,10,1.017980503482947,1.0,late
141,1,-0.3795385062112636,0.0,late
141,2,-1.860740808345606,0.0,late
141,3,-0.02685816620207193,0.0,late
141,4,-1.1214719326707878,0.0,late
141,5,2.698192976486444,0.0,late
141,6,-1.1105521332867743,0.0,late
141,7,5.149983658651528,1.0,late
141,8,2.8119519370904045,1.0,late
141,9,0.28184083634657203,1.0,late
141,10,3.0778507399729063,1.0,late
142,1,-2.6285363359481666,0.0,late
142,2,1.3821137087688875,0.0,late
142,3,-1.883412091675658,0.0,late
142,4,-2.597291062468824,0.0,late
142,5,-0.041277258129890915,0.0,late
142,6,-0.8222910776085897,0.0,late
142,7,2.550161557314664,1.0,late
142,8,2.0994988297114476,1.0,late
142,9,1.9607485345360534,1.0,late
142,10,2.700489118297721,1.0,late
143,1,-5.094428173699364,0.0,late
143,2,0.0031298480653987326,0.0,late
143,3,-3.203766208381418,0.0,late
143,4,-5.504409875239355,0.0,late
143,5,-1.9701467591636952,0.0,late
143,6,-3.006150277573148,0.0,late
143,7,2.0191004446005687,1.0,late
143,8,-0.3004575014904418,1.0,late
143,9,-1.8077427120122587,1.0,late
143,10,0.4469119537829629,1.0,late
144,1,0.4902946459179027,0.0,late
144,2,2.896551006252785,0.0,late
144,3,1.5591744271518384,0.0,late
144,4,3.448081513228919,0.0,late
144,5,4.668539649341879,0.0,late
144,6,3.1596866299759956,0.0,late
144,7,4.68946610912303,1.0,late
144,8,3.4887919573493953,1.0,late
144,9,3.3492715675679654,1.0,late
144,10,4.216899197133354,1.0,late
145,1,-1.477890387572683,0.0,late
145,2,0.8588216639842742,0.0,late
145,3,-2.6923993913238213,0.0,late
145,4,-0.6259011413020366,0.0,late
145,5,2.8824357137162977,0.0,late
145,6,-3.1678311061948,0.0,late
145,7,3.152664901212772,1.0,late
145,8,-0.26493684585797206,1.0,late
145,9,0.6438250020091135,1.0,late
145,10,0.5161109659025198,1.0,late
146,1,-3.0737235362308453,0.0,late
146,2,1.6075533045631387,0.0,late
146,3,-1.2984515369966443,0.0,late
146,4,-3.8727409974295552,0.0,late
146,5,-0.2723821724377504,0.0,late
146,6,-1.0346894693035813,0.0,late
146,7,2.313197365053537,1.0,late
146,8,-1.8951209466327787,1.0,late
146,9,1.55536130994731,1.0,late
146,10,2.8153585988902408,1.0,late
147,1,1.6153844940650832,0.0,late
147,2,1.005918444508235,0.0,late
147,3,0.00905487367560942,0.0,late
147,4,0.5803170894441552,0.0,late
147,5,1.456763127947966,0.0,late
147,6,3.1163669296337426,0.0,late
147,7,5.82714349387835,1.0,late
147,8,5.1716512106087364,1.0,late
147,9,3.9544073439001766,1.0,late
147,10,3.5160358858970575,1.0,late
148,1,-4.028947776696303,0.0,late
148,2,-2.358993627277613,0.0,late
148,3,-6.476557648635142,0.0,late
148,4,-3.494170818277965,0.0,late
148,5,-2.7654092068206144,0.0,late
148,6,-2.6009330351826296,0.0,late
148,7,-0.2195232323232064,1.0,late
148,8,-1.0501092336226132,1.0,late
148,9,-3.52648047826412,1.0,late
148,10,0.87374450512623,1.0,late
149,1,1.1140804734976069,0.0,late
149,2,-0.1287312530407828,0.0,late
149,3,-2.6150333861288764,0.0,late
149,4,-2.7859020010124405,0.0,late
149,5,-0.24667998621643294,0.0,late
149,6,-2.1441621623915625,0.0,late
149,7,1.1845960403665612,1.0,late
149,8,0.131987477206849,1.0,late
149,9,-1.8092116556138964,1.0,late
149,10,0.5898115018674155,1.0,late
150,1,2.8984450360802034,0.0,late
150,2,2.958068493127196,0.0,late
150,3,3.054833675813468,0.0,late
150,4,1.373349591733714,0.0,late
150,5,3.662885645532147,0.0,late
150,6,3.510178762960522,0.0,late
150,7,4.502267979853333,1.0,late
150,8,3.7296000757059167,1.0,late
150,9,0.4173794870286578,1.0,late
150,10,4.605217224362642,1.0,late
151,1,-3.2914202038728915,0.0,late
151,2,0.12572721218671612,0.0,late
151,3,-1.4164224458424135,0.0,late
151,4,-1.2256525193444758,0.0,late
151,5,3.104609538798522,0.0,late
151,6,-1.1885250832962941,0.0,late
151,7,4.101964766167254,1.0,late
151,8,1.7569135671849556,1.0,late
151,9,1.0514759643263494,1.0,late
151,10,3.442538233152375,1.0,late
152,1,-1.4387381442021252,0.0,late
152,2,-0.3506646312756349,0.0,late
152,3,-4.401382835837202,0.0,late
152,4,-3.0230153154858996,0.0,late
152,5,-1.4564072337186302,0.0,late
152,6,-2.6957268033432897,0.0,late
152,7,-0.5633138349947584,1.0,late
152,8,-1.0947212694774682,1.0,late
152,9,1.2908955207488748,1.0,late
152,10,-0.6049645367997518,1.0,late
153,1,-0.00109208884114112,0.0,late
153,2,-0.3779711545957489,0.0,late
153,3,-3.208682386885484,0.0,late
153,4,-2.154877075141446,0.0,late
153,5,0.8822001781059461,0.0,late
153,6,-3.2940789376617348,0.0,late
153,7,1.5990225364534987,1.0,late
153,8,0.016164129034108465,1.0,late
153,9,1.5830765979749857,1.0,late
153,10,0.7628260170888772,1.0,late
154,1,-4.91560118288626,0.0,late
154,2,-0.8639183511278982,0.0,late
154,3,-2.669701675064883,0.0,late
154,4,-1.5975328583026385,0.0,late
154,5,0.789003638467515,0.0,late
154,6,0.3202717032516951,0.0,late
154,7,-1.2420703572147322,1.0,late
154,8,-0.20501325692237093,1.0,late
154,9,-0.4931095067829986,1.0,late
154,10,1.661931984073485,1.0,late
155,1,-3.9325639901590868,0.0,late
155,2,-2.322179215625378,0.0,late
155,3,-5.450245075725497,0.0,late
155,4,-2.9602678622722984,0.0,late
155,5,-4.305988172783157,0.0,late
155,6,-3.878876494159038,0.0,late
155,7,-0.05546711653627487,1.0,late
155,8,-2.1302998262573802,1.0,late
155,9,-2.939274748101117,1.0,late
155,10,-0.34364163770226197,1.0,late
156,1,-1.6792998206136815,0.0,late
156,2,-3.525324859485739,0.0,late
156,3,-5.812035877611473,0.0,late
156,4,-3.1740515811330625,0.0,late
156,5,-4.338171208475972,0.0,late
156,6,-1.8858939226608817,0.0,late
156,7,0.39631693659787937,1.0,late
156,8,-1.9197107260300532,1.0,late
156,9,-1.6198026107551304,1.0,late
156,10,0.46550148868254465,1.0,late
157,1,-0.4683383105289862,0.0,late
157,2,1.2204441182470556,0.0,late
157,3,-1.831616820588947,0.0,late
157,4,-2.324253443761233,0.0,late
157,5,1.083733797396771,0.0,late
157,6,-1.7441952388800006,0.0,late
157,7,3.1990753861068795,1.0,late
157,8,1.1745575639610104,1.0,late
157,9,0.7109462963618771,1.0,late
157,10,1.6166464344323481,1.0,late
158,1,-3.0074202402136367,0.0,late
158,2,-1.9620773705979166,0.0,late
158,3,-7.060499044694333,0.0,late
158,4,-3.4588176801122117,0.0,late
158,5,-1.8780034727275323,0.0,late
158,6,-6.037346264701942,0.0,late
158,7,-0.6480656206226363,1.0,late
158,8,-2.982569768875341,1.0,late
158,9,-4.5589510573042045,1.0,late
158,10,-2.3837949702397427,1.0,late
159,1,-2.202924718118141,0.0,late
159,2,-1.2288255589050894,0.0,late
159,3,-4.724747084597704,0.0,late
159,4,-1.8260128166643304,0.0,late
159,5,-1.1639202083395292,0.0,late
159,6,-1.1228190760808263,0.0,late
159,7,-2.6720853671984224,1.0,late
159,8,0.7509719623613662,1.0,late
159,9,-2.1394144637789996,1.0,late
159,10,1.173571788023981,1.0,late
160,1,-3.5379176991950994,0.0,late
160,2,-0.5769893860371016,0.0,late
160,3,-5.138193463238521,0.0,late
160,4,-4.783996780793613,0.0,late
160,5,-2.0521634355575418,0.0,late
160,6,-3.923910175811151,0.0,late
160,7,-0.947274226099885,1.0,late
160,8,-0.809713345088039,1.0,late
160,9,-3.3281598048714427,1.0,late
160,10,0.5342302796489636,1.0,late
161,1,-0.6055867848625341,0.0,late
161,2,0.8237336358180058,0.0,late
161,3,0.7352271418750025,0.0,late
161,4,-3.1318853102203414,0.0,late
161,5,0.29349501790993127,0.0,late
161,6,-0.37464175369923375,0.0,late
161,7,3.1079868159246913,1.0,late
161,8,2.620481852405019,1.0,late
161,9,-0.03911923142511725,1.0,late
161,10,1.4633656771808008,1.0,late
162,1,3.1409579167561876,0.0,late
162,2,0.22535731558502659,0.0,late
162,3,-0.8416089999220989,0.0,late
162,4,0.7285385299479239,0.0,late
162,5,3.491493047465279,0.0,late
162,6,-2.174225567970187,0.0,late
162,7,2.5564026943362013,1.0,late
162,8,2.90588293864038,1.0,late
162,9,0.8670114923609926,1.0,late
162,10,2.8984496910821758,1.0,late
163,1,-0.9262954517596067,0.0,late
163,2,-0.5302115101605958,0.0,late
163,3,-4.1331780133877425,0.0,late
163,4,-3.248484193096389,0.0,late
163,5,0.5265249431947847,0.0,late
163,6,-2.7511003579047144,0.0,late
163,7,1.8327934029170045,1.0,late
163,8,2.885291536866858,1.0,late
163,9,-0.9647850787526,1.0,late
163,10,2.515519885340075,1.0,late
164,1,1.5490249316466587,0.0,late
164,2,-0.1326255117757823,0.0,late
164,3,-3.7453286620499835,0.0,late
164,4,-1.9194568880261607,0.0,late
164,5,1.6423558309245538,0.0,late
164,6,-0.9603776208281588,0.0,late
164,7,2.2992238152741775,1.0,late
164,8,2.123143214936572,1.0,late
164,9,0.23943875889079203,1.0,late
164,10,2.248327121060894,1.0,late
165,1,0.6618536968913122,0.0,late
165,2,1.898793731014342,0.0,late
165,3,-0.9068507502341833,0.0,late
165,4,-0.856700780825784,0.0,late
165,5,3.667846019361396,0.0,late
165,6,0.8018674113877249,0.0,late
165,7,6.106903718425498,1.0,late
165,8,1.9658651370072864,1.0,late
165,9,5.772657929953766,1.0,late
165,10,4.401818148175973,1.0,late
166,1,-2.25525237854656,0.0,late
166,2,-1.0056414427385134,0.0,late
166,3,-2.214745181959746,0.0,late
166,4,-6.345417769875095,0.0,late
166,5,-0.9410708750216502,0.0,late
166,6,-3.873842296949885,0.0,late
166,7,-0.6240069133250634,1.0,late
166,8,1.5823286947126802,1.0,late
166,9,-2.5254321886138267,1.0,late
166,10,-0.8977883133508452,1.0,late
167,1,2.8673110833820212,0.0,late
167,2,0.5674211546357524,0.0,late
167,3,-4.971129210659139,0.0,late
167,4,-0.01459731861937319,0.0,late
167,5,-0.27078944771304936,0.0,late
167,6,-0.1249685657586524,0.0,late
167,7,1.8126129963457716,1.0,late
167,8,0.07790197016795386,1.0,late
167,9,1.8549126024075913,1.0,late
167,10,2.829714273883701,1.0,late
168,1,2.344529380519699,0.0,late
168,2,2.766879189140546,0.0,late
168,3,-1.6682661364316078,0.0,late
168,4,1.2256918157135197,0.0,late
168,5,1.9919663438476274,0.0,late
168,6,-0.71977956247237,0.0,late
168,7,3.7692622078211295,1.0,late
168,8,2.784673938584646,1.0,late
168,9,4.410664086328557,1.0,late
168,10,3.850295972520083,1.0,late
169,1,3.7073530763557225,0.0,late
169,2,4.036331470443686,0.0,late
169,3,1.0469262507878714,0.0,late
169,4,0.28920531645271685,0.0,late
169,5,3.4875574798945927,0.0,late
169,6,1.6002786448969673,0.0,late
169,7,4.839740393889864,1.0,late
169,8,5.397060466395334,1.0,late
169,9,4.001453764617273,1.0,late
169,10,4.987916181191967,1.0,late
170,1,1.9470835216558555,0.0,late
170,2,4.088113203466186,0.0,late
170,3,-1.6822848130695522,0.0,late
170,4,-1.1885436717207334,0.0,late
170,5,5.189716166398529,0.0,late
170,6,1.9885773429030658,0.0,late
170,7,3.985288619969459,1.0,late
170,8,4.57145328778026,1.0,late
170,9,4.959375046168615,1.0,late
170,10,5.394992984470911,1.0,late
171,1,-3.4307328641110564,0.0,late
171,2,0.4369646447898274,0.0,late
171,3,-1.5749239466812073,0.0,late
171,4,-2.9205453528035252,0.0,late
171,5,-3.526280799521134,0.0,late
171,6,-0.8273719385242468,0.0,late
171,7,1.5389934393889382,1.0,late
171,8,-1.2150319225492923,1.0,late
171,9,0.9728797653056358,1.0,late
171,10,0.5103951628923222,1.0,late
172,1,-1.634434550190305,0.0,late
172,2,-0.9640236201041609,0.0,late
172,3,-3.073539395759503,0.0,late
172,4,-3.0387012876798174,0.0,late
172,5,-1.0838522151726289,0.0,late
172,6,-1.0556676868829509,0.0,late
172,7,0.7943648332978512,1.0,late
172,8,2.9159505860005206,1.0,late
172,9,1.5686635068544819,1.0,late
172,10,0.7410779135098178,1.0,late
173,1,1.1229068402184337,0.0,late
173,2,0.05771303610727929,0.0,late
173,3,-1.4890599306032062,0.0,late
173,4,-1.522050303443116,0.0,late
173,5,0.5411636091090859,0.0,late
173,6,1.988310124994832,0.0,late
173,7,4.663140520115797,1.0,late
173,8,2.3177220358860238,1.0,late
173,9,1.1270382864797253,1.0,late
173,10,5.326897919527304,1.0,late
174,1,2.6319693236348067,0.0,late
174,2,4.660395287119679,0.0,late
174,3,1.1471443311824676,0.0,late
174,4,0.47119662831421794,0.0,late
174,5,2.011285508844578,0.0,late
174,6,1.5304227737267184,0.0,late
174,7,7.064091207584324,1.0,late
174,8,4.524983308655536,1.0,late
174,9,5.458655957843586,1.0,late
174,10,6.3669774219649655,1.0,late
175,1,1.8328095432701583,0.0,late
175,2,2.55099790570699,0.0,late
175,3,0.20337286364672966,0.0,late
175,4,-0.5386179054218156,0.0,late
175,5,2.430370243507723,0.0,late
175,6,0.6572628780971759,0.0,late
175,7,3.476868504753625,1.0,late
175,8,2.528595307979828,1.0,late
175,9,1.3539686413397565,1.0,late
175,10,6.455046436604814,1.0,late
176,1,-6.895798549369216,0.0,late
176,2,-3.347773666005255,0.0,late
176,3,-6.147931931405672,0.0,late
176,4,-3.4199570074388395,0.0,late
176,5,-3.7294675982977408,0.0,late
176,6,-3.3899702005212613,0.0,late
176,7,-2.055834406349186,1.0,late
176,8,-4.411432205666378,1.0,late
176,9,-5.304291155844886,1.0,late
176,10,-1.509557517445633,1.0,late
177,1,-1.5063389556174211,0.0,late
177,2,-0.8984943402078874,0.0,late
177,3,-5.958472132006134,0.0,late
177,4,-4.834657240394106,0.0,late
177,5,-2.4483412933682893,0.0,late
177,6,-5.109381453584312,0.0,late
177,7,-0.4137501673072891,1.0,late
177,8,-0.7113134396777308,1.0,late
177,9,-1.8523212392224635,1.0,late
177,10,-0.8954525244786539,1.0,late
178,1,0.6676908158458699,0.0,late
178,2,4.704882146107941,0.0,late
178,3,-0.8371540055557514,0.0,late
178,4,2.609154691277819,0.0,late
178,5,2.4681680819675105,0.0,late
178,6,2.0351648802876214,0.0,late
178,7,5.5779235692956775,1.0,late
178,8,3.939631985180443,1.0,late
178,9,1.9757946774757302,1.0,late
178,10,3.72886791523965,1.0,late
179,1,-0.9736654194365953,0.0,late
179,2,-1.3293736428423877,0.0,late
179,3,-2.865633763661177,0.0,late
179,4,0.0824965516796945,0.0,late
179,5,2.7809750244352758,0.0,late
179,6,0.9451082441857657,0.0,late
179,7,1.7974782462325418,1.0,late
179,8,2.235286259109657,1.0,late
179,9,3.0848490528551964,1.0,late
179,10,1.6778816320766492,1.0,late
180,1,0.5262508310375226,0.0,late
180,2,-0.8099104743297991,0.0,late
180,3,-1.6816795288100328,0.0,late
180,4,-2.4343963729409612,0.0,late
180,5,1.811679903614996,0.0,late
180,6,-1.0128537482358062,0.0,late
180,7,2.178900610335658,1.0,late
180,8,2.5827758733701676,1.0,late
180,9,2.5858953833937006,1.0,late
180,10,3.2434653536198383,1.0,late
181,1,-0.7463205172155791,0.0,late
181,2,0.47960258778140974,0.0,late
181,3,-2.472259751518584,0.0,late
181,4,-3.1591710626120753,0.0,late
181,5,0.8352397191852446,0.0,late
181,6,-0.5583030764727388,0.0,late
181,7,1.6940289589042428,1.0,late
181,8,0.006797802487461233,1.0,late
181,9,-0.20311468917895315,1.0,late
181,10,1.3438189829443075,1.0,late
182,1,-1.2359128603502751,0.0,late
182,2,-0.988024231493057,0.0,late
182,3,-1.6242909622710267,0.0,late
182,4,-4.5765636989257015,0.0,late
182,5,-1.0726281478201245,0.0,late
182,6,-1.8303804835284003,0.0,late
182,7,0.9757476028193275,1.0,late
182,8,0.4683446332719562,1.0,late
182,9,-2.0211527369825024,1.0,late
182,10,-1.4099122555701926,1.0,late
183,1,3.3428664464879976,0.0,late
183,2,0.3656611139176041,0.0,late
183,3,-2.259884298496484,0.0,late
183,4,-1.9305522938557484,0.0,late
183,5,0.3270440048531341,0.0,late
183,6,-1.2968483192490743,0.0,late
183,7,3.0541057595125007,1.0,late
183,8,4.095758189493616,1.0,late
183,9,-1.01954440368575,1.0,late
183,10,5.929120946583214,1.0,late
184,1,-4.230975190081003,0.0,late
184,2,-0.1381701949927303,0.0,late
184,3,-3.3034726367217373,0.0,late
184,4,-0.4836483455517051,0.0,late
184,5,-0.9379960238830148,0.0,late
184,6,-3.6715299639645353,0.0,late
184,7,0.3484133116339796,1.0,late
184,8,-0.5186600214676118,1.0,late
184,9,-0.7513140351972649,1.0,late
184,10,-0.46789775307227854,1.0,late
185,1,-1.717017915111044,0.0,late
185,2,-0.6858332747433195,0.0,late
185,3,-2.735058191335475,0.0,late
185,4,-2.583047322028643,0.0,late
185,5,1.2531789108372804,0.0,late
185,6,-0.871629839249293,0.0,late
185,7,3.4003370629993857,1.0,late
185,8,2.4298695219934996,1.0,late
185,9,-0.017723906040427728,1.0,late
185,10,1.3892267228195896,1.0,late
186,1,3.228990435807522,0.0,late
186,2,4.268612570737807,0.0,late
186,3,0.8102345715388034,0.0,late
186,4,4.2074388774153855,0.0,late
186,5,5.95867725603063,0.0,late
186,6,5.1074638730949875,0.0,late
186,7,7.51507494085501,1.0,late
186,8,4.844386134390537,1.0,late
186,9,5.653492769869152,1.0,late
186,10,7.460753689590913,1.0,late
187,1,1.6439679794792112,0.0,late
187,2,1.3768615098317594,0.0,late
187,3,-1.5813943472903433,0.0,late
187,4,0.2296941175578646,0.0,late
187,5,0.9683948374816108,0.0,late
187,6,-1.5239207134331485,0.0,late
187,7,3.5558205574452177,1.0,late
187,8,3.553342763933075,1.0,late
187,9,4.009146002865943,1.0,late
187,10,4.973830497735261,1.0,late
188,1,-0.8837064596379991,0.0,late
188,2,-0.5090583431379184,0.0,late
188,3,-3.0484749550681984,0.0,late
188,4,-1.828890466974292,0.0,late
188,5,0.8668157451995978,0.0,late
188,6,-2.1042722604591773,0.0,late
188,7,-0.19389796231378753,1.0,late
188,8,0.9546262366506016,1.0,late
188,9,-1.7118734589732463,1.0,late
188,10,2.0949976919887767,1.0,late
189,1,-2.078646719201213,0.0,late
189,2,-0.371448663836127,0.0,late
189,3,-4.494387186823999,0.0,late
189,4,-3.175283996696983,0.0,late
189,5,2.4115110250437675,0.0,late
189,6,-0.9465448411406641,0.0,late
189,7,0.07441836413966318,1.0,late
189,8,1.0738111951753075,1.0,late
189,9,-0.09563940659670067,1.0,late
189,10,1.7555310898296206,1.0,late
190,1,-0.529648190091442,0.0,late
190,2,2.092198570691826,0.0,late
190,3,-2.562183838044355,0.0,late
190,4,-2.690864142395801,0.0,late
190,5,1.2777844265440719,0.0,late
190,6,-0.593056990273527,0.0,late
190,7,3.3494928046559838,1.0,late
190,8,0.9853564033360476,1.0,late
190,9,3.0060522473944005,1.0,late
190,10,1.2611735228812995,1.0,late
191,1,-3.108697826829202,0.0,late
191,2,-3.550958269614343,0.0,late
191,3,-4.064806048965437,0.0,late
191,4,-5.657505124056844,0.0,late
191,5,-2.235250189848455,0.0,late
191,6,-4.880312592177911,0.0,late
191,7,-1.2963714842467027,1.0,late
191,8,-1.8805261649011507,1.0,late
191,9,-4.749281417925156,1.0,late
191,10,1.770055638384758,1.0,late
192,1,0.7283676704576938,0.0,late
192,2,2.2375639332620807,0.0,late
192,3,-3.2828357368978174,0.0,late
192,4,0.13561469639714557,0.0,late
192,5,4.578869648795867,0.0,late
192,6,1.157473330380123,0.0,late
192,7,5.301203060001038,1.0,late
192,8,3.2547754258500485,1.0,late
192,9,3.651668198845359,1.0,late
192,10,2.498550854356689,1.0,late
193,1,1.4221575124637995,0.0,late
193,2,2.7814320698221233,0.0,late
193,3,1.9023658615586871,0.0,late
193,4,3.1457715670145507,0.0,late
193,5,3.1195406849071285,0.0,late
193,6,3.2228639184405594,0.0,late
193,7,4.869370257337684,1.0,late
193,8,5.754518398493724,1.0,late
193,9,4.234900212087133,1.0,late
193,10,7.766348372368865,1.0,late
194,1,3.735726450690244,0.0,late
194,2,1.035003891499477,0.0,late
194,3,-1.8326516716618073,0.0,late
194,4,1.996199249243876,0.0,late
194,5,2.300085153044809,0.0,late
194,6,0.8126361560170519,0.0,late
194,7,3.3537389914565123,1.0,late
194,8,3.5587510212396234,1.0,late
194,9,1.2841096580221047,1.0,late
194,10,3.8973341381787425,1.0,late
195,1,-2.8398793723651874,0.0,late
195,2,-0.7210546264095703,0.0,late
195,3,-2.833740785360574,0.0,late
195,4,-1.6869251593915837,0.0,late
195,5,-1.1478000667894492,0.0,late
195,6,-2.664906598610027,0.0,late
195,7,1.1019881634215583,1.0,late
195,8,1.094923255536771,1.0,late
195,9,0.3438092031443364,1.0,late
195,10,2.1930549181535546,1.0,late
196,1,-2.0680792733957727,0.0,late
196,2,0.7097610187088381,0.0,late
196,3,-3.8737725928366555,0.0,late
196,4,-2.354692561700471,0.0,late
196,5,0.47211431217485633,0.0,late
196,6,-3.9275294083047285,0.0,late
196,7,1.4641358004620881,1.0,late
196,8,0.8317697678349747,1.0,late
196,9,-0.38795822980667094,1.0,late
196,10,3.4501650319831754,1.0,late
197,1,-1.6896804572590112,0.0,late
197,2,1.551491370083503,0.0,late
197,3,-0.8449547055238459,0.0,late
197,4,-0.45136721133834207,0.0,late
197,5,-0.9831378326969089,0.0,late
197,6,-0.3017954330877409,0.0,late
197,7,1.4977802718377795,1.0,late
197,8,2.7570969694771454,1.0,late
197,9,0.5758565084696023,1.0,late
197,10,3.2521078389358844,1.0,late
198,1,2.0242482840288982,0.0,late
198,2,1.0351948150163897,0.0,late
198,3,-1.4402896942599532,0.0,late
198,4,-1.9550635628874589,0.0,late
198,5,2.792166270584299,0.0,late
198,6,-1.7532157493507854,0.0,late
198,7,3.4198650638555446,1.0,late
198,8,1.4979648637095857,1.0,late
198,9,1.6197933668674325,1.0,late
198,10,3.70969691974864,1.0,late
199,1,-1.798378046117196,0.0,late
199,2,0.5642313399859062,0.0,late
199,3,-3.032123939707514,0.0,late
199,4,-0.7503787209571877,0.0,late
199,5,0.6498600857978581,0.0,late
199,6,0.19813694471401488,0.0,late
199,7,2.8238869059143354,1.0,late
199,8,3.240904643360281,1.0,late
199,9,1.897116908886414,1.0,late
199,10,3.756013880815562,1.0,late
200,1,-0.6641725633560018,0.0,late
200,2,-0.11557618754960974,0.0,late
200,3,-0.45477608311218876,0.0,late
200,4,1.0595006720023905,0.0,late
200,5,-0.7776484934365528,0.0,late
200,6,1.744357913791477,0.0,late
200,7,1.7082099186525455,1.0,late
200,8,2.552929631745048,1.0,late
200,9,1.7966325977956177,1.0,late
200,10,2.631981739782242,1.0,late
