"","id","sheet","after","chain","co_owned","nj","southj","centralj","northj","pa1","pa2","shore","type2","status2","date2","ncalls","empft","emppt","nmgrs","fte","dfte","wage_st","inctime","firstinc","bonus","pctaff","meals","open","hrsopen","psoda","pfry","pentree","nregs","nregs11","balanced"
"1",461,46,0,1,0,0,0,0,0,1,0,0,1,1,111792,0,30,15,3,40.5,NA,NA,19,NA,1,NA,2,6.5,16.5,1.03,1.03,0.52,3,3,1
"2",492,49,0,2,0,0,0,0,0,1,0,0,1,1,111292,0,6.5,6.5,4,13.75,NA,NA,26,NA,0,NA,2,10,13,1.01,0.9,2.35,4,3,1
"3",5062,506,0,2,1,0,0,0,0,1,0,0,1,1,111292,0,3,7,2,8.5,NA,NA,13,0.37,0,30,2,11,10,0.95,0.74,2.33,3,3,1
"4",564,56,0,4,1,0,0,0,0,1,0,0,1,1,111492,0,20,20,4,34,NA,5,26,0.1,1,0,2,10,12,0.87,0.82,1.79,2,2,1
"5",614,61,0,4,1,0,0,0,0,1,0,0,1,1,111492,0,6,26,5,24,NA,5.5,52,0.15,1,0,3,10,12,0.87,0.77,1.65,2,2,1
"6",624,62,0,4,1,0,0,0,0,1,0,0,1,1,111492,2,0,31,5,20.5,NA,5,26,0.07,0,45,2,10,12,0.87,0.77,0.95,2,2,0
"7",4451,445,0,1,0,0,0,0,0,0,1,0,1,1,110792,0,50,35,3,70.5,NA,5,26,0.1,0,0,2,6,18,1.04,0.88,0.94,3,3,1
"8",4511,451,0,1,0,0,0,0,0,0,1,0,1,1,111792,0,10,17,5,23.5,NA,5,52,0.25,0,0,2,0,24,1.05,0.84,0.96,6,4,1
"9",4552,455,0,2,1,0,0,0,0,0,1,0,1,1,111292,0,2,8,5,11,NA,5.25,13,0.25,0,0,1,11,10,0.73,0.73,2.32,2,2,1
"10",4582,458,0,2,1,0,0,0,0,1,0,0,1,1,111792,2,2,10,2,9,NA,5,19,0.15,0,0,1,11,10,0.94,0.73,2.32,4,4,1
"11",4623,462,0,3,1,0,0,0,0,0,1,0,2,1,122292,0,2.5,20,3,15.5,NA,5,13,0.37,1,5,2,9,12.5,1.05,1.01,1.11,4,4,1
"12",4681,468,0,1,0,0,0,0,0,0,1,0,1,1,110792,0,40,30,3,58,NA,5,13,0.17,0,0,2,6,18,0.95,0.94,0.95,4,3,1
"13",4691,469,0,1,0,0,0,0,0,0,1,0,1,1,111692,0,8,27,5,26.5,NA,5,39,0.25,0,80,2,6,18,0.92,0.72,0.96,3,2,1
"14",4701,470,0,1,0,0,0,0,0,0,1,0,1,1,111792,0,10.5,30,3,28.5,NA,5.5,NA,0.3,0,0,2,6,18,0.97,0.84,0.94,3,3,1
"15",4741,474,0,1,0,0,0,0,0,0,1,0,2,1,122292,2,6,9,3,13.5,NA,5,26,0.37,0,0,2,9,12.5,1.13,0.98,1.01,3,1,1
"16",4812,481,0,2,1,0,0,0,0,0,1,0,1,1,111792,2,5,17.5,3,16.75,NA,5.25,26,0.25,1,0,3,11,10,0.95,0.74,2.53,5,4,1
"17",4832,483,0,2,1,0,0,0,0,0,1,0,1,1,111292,0,1,15,1,9.5,NA,5,13,0.07,1,0,2,11,10,0.94,0.73,2.32,4,3,1
"18",4873,487,0,3,1,0,0,0,0,0,1,0,1,1,111192,0,10,6,2,15,NA,5,13,0.17,1,0,2,10,11.5,1.11,0.91,0.95,6,3,1
"19",4883,488,0,3,0,0,0,0,0,0,1,0,1,1,111192,1,20,13,3,29.5,NA,5,13,0.25,1,0,2,6,16,1.05,0.79,1.01,5,5,1
"20",4893,489,0,3,0,0,0,0,0,0,1,0,1,1,111892,2,5,23,2,18.5,NA,5,13,0.37,1,6,2,7,14,1.05,1.01,0.94,4,4,1
"21",4903,490,0,3,1,0,0,0,0,0,1,0,1,1,111692,0,10,12.5,4,20.25,NA,5,13,0.12,0,0,2,6,16,1.05,1.01,1.05,4,4,1
"22",4933,493,0,3,1,0,0,0,0,1,0,0,1,1,111192,0,27,12,3,36,NA,5,26,0.25,0,0,2,6,16,1.05,0.9,2.01,6,3,1
"23",4953,495,0,3,0,0,0,0,0,0,1,0,1,1,111192,2,4,28,3,21,NA,5,26,0.25,0,2,2,7,15,1.05,1.01,0.94,3,3,1
"24",4963,496,0,3,1,0,0,0,0,0,1,0,1,1,111192,0,10,15,3,20.5,NA,5,13,0.17,1,0,2,6,16,1.05,0.9,0.73,5,3,1
"25",4994,499,0,4,1,0,0,0,0,0,1,0,1,1,111492,0,0,28,5,19,NA,5,26,0.07,1,11,2,10,12,0.9,0.69,1.75,2,2,1
"26",5093,509,0,3,1,0,0,0,0,0,1,0,1,1,111192,2,3,16,3,14,NA,5,13,0.25,0,30,2,6,16,1.05,0.95,1.16,6,3,1
"27",5153,515,0,3,1,0,0,0,0,0,1,0,1,1,111192,0,7,16,4,19,NA,5,13,0.2,0,33,2,6,16,1.05,0.94,1.16,5,3,1
"28",371,37,0,1,0,0,0,0,0,1,0,0,1,1,111092,2,21,9,7,32.5,NA,4.25,4,0.25,0,33,2,6.5,16.5,0.98,0.84,0.84,5,3,1
"29",391,39,0,1,0,0,0,0,0,1,0,0,1,1,111792,0,1,32,2,19,NA,4.25,8,NA,0,100,2,6.5,17.5,1.03,0.73,0.52,4,2,1
"30",401,40,0,1,0,0,0,0,0,1,0,0,1,1,111092,0,10,20,7,27,NA,4.25,4,0.15,0,100,2,6.5,16.5,0.98,0.82,0.8,3,3,1
"31",411,41,0,1,0,0,0,0,0,1,0,0,1,1,111892,0,0,27,6,19.5,NA,4.25,18,0.2,0,100,2,6.5,16.5,0.98,0.82,0.85,3,3,1
"32",421,42,0,1,0,0,0,0,0,1,0,0,1,1,111792,2,17,4,5,24,NA,4.5,NA,NA,0,100,2,6.5,16.5,0.98,0.83,0.86,3,3,1
"33",451,45,0,1,0,0,0,0,0,1,0,0,1,1,111092,0,0,24,6,18,NA,4.25,2,0.25,0,25,2,7,16,0.98,0.83,0.86,3,3,1
"34",471,47,0,1,0,0,0,0,0,1,0,0,1,1,111092,2,25,15,NA,NA,NA,4.5,4,0.17,0,75,2,6,17,1.05,0.86,0.86,3,3,0
"35",481,48,0,1,0,0,0,0,0,1,0,0,1,1,111092,0,6,20,3,19,NA,4.25,13,0.2,1,31,3,7,14,1.01,0.84,0.63,4,3,1
"36",502,50,0,2,0,0,0,0,0,1,0,0,1,1,111292,0,6,10,3,14,NA,4.5,13,NA,0,20,2,10,12,1.01,0.89,3.5,4,3,1
"37",512,51,0,2,0,0,0,0,0,1,0,0,1,1,111792,1,0,15,3,10.5,NA,4.25,NA,0.15,0,100,2,10,13,1.01,0.89,2.35,4,3,1
"38",574,57,0,4,1,0,0,0,0,1,0,0,1,1,111492,0,30,10,3,38,NA,4.67,26,0.07,1,70,2,10,12,0.87,0.79,0.9,2,2,1
"39",584,58,0,4,1,0,0,0,0,1,0,0,1,1,111492,2,8,25,3,23.5,NA,4.75,26,0.15,0,80,2,10,12,0.87,0.77,1.01,2,2,1
"40",594,59,0,4,0,0,0,0,0,1,0,0,1,1,111492,3,0,15,3,10.5,NA,4.25,26,0.1,0,90,1,7.5,10.5,0.91,0.89,0.81,2,2,1
"41",604,60,0,4,0,0,0,0,0,1,0,0,1,1,111792,0,10,20,5,25,NA,4.25,4,0.1,0,75,1,10.5,11.5,0.94,0.74,0.86,2,2,1
"42",4072,407,0,2,1,0,0,0,0,0,1,0,1,1,111492,0,2,12,3,11,NA,4.75,52,0.12,0,90,3,11,10,0.95,0.74,2.33,4,3,1
"43",4301,430,0,1,0,0,0,0,0,1,0,0,1,1,110792,0,20,25,4,36.5,NA,4.25,13,0.15,0,44,2,7,15,0.95,0.75,0.8,3,3,1
"44",4321,432,0,1,0,0,0,0,0,1,0,0,1,1,110792,0,20,55,5,52.5,NA,4.5,17,0.15,0,75,2,7,16,0.94,0.74,0.79,4,3,1
"45",4331,433,0,1,0,0,0,0,0,1,0,0,2,1,123092,0,10,30,4,29,NA,4.25,13,0.15,0,75,2,7,16,0.95,0.73,0.8,3,3,1
"46",4341,434,0,1,0,0,0,0,0,1,0,0,1,1,111692,2,15,50,5,45,NA,4.25,6,0.25,0,77,2,7,16,0.95,0.75,NA,3,3,1
"47",4351,435,0,1,0,0,0,0,0,1,0,0,1,1,110792,1,1,37.5,3,22.75,NA,4.25,4,0.17,1,25,2,6.5,15.5,0.95,0.75,0.79,3,3,1
"48",4382,438,0,2,0,0,0,0,0,1,0,0,1,1,111292,2,0,9,3,7.5,NA,4.25,52,0.07,0,11,2,11,8,1.01,0.84,2.43,2,1,1
"49",4404,440,0,4,0,0,0,0,0,1,0,0,1,1,111392,2,0,25,3,15.5,NA,4.25,19,0.15,0,100,2,10.5,11.5,0.89,0.79,2.01,2,2,1
"50",4414,441,0,4,0,0,0,0,0,1,0,0,1,1,111392,2,30,10,3,38,NA,4.25,4,0.25,1,100,2,10.5,11.5,0.89,0.77,0.84,2,2,1
"51",4434,443,0,4,0,0,0,0,0,1,0,0,1,1,111392,0,4,19,4,17.5,NA,4.25,4,0.25,0,95,2,10.5,11.5,0.89,0.79,1.8,2,2,1
"52",4444,444,0,4,0,0,0,0,0,1,0,0,1,1,111392,2,12,20,3,25,NA,4.25,19,0.37,0,NA,2,10.5,12.5,0.89,0.8,0.84,2,2,1
"53",4461,446,0,1,0,0,0,0,0,0,1,0,1,1,110792,2,NA,NA,3,NA,NA,4.5,4,0.25,0,50,2,6,18,1.03,0.84,0.94,NA,NA,0
"54",4481,448,0,1,0,0,0,0,0,0,1,0,1,1,111892,0,8,18,4,21,NA,4.75,4,0.25,1,78,2,6,18,0.97,0.84,0.91,3,3,1
"55",4491,449,0,1,0,0,0,0,0,0,1,0,1,1,110792,2,0,25,3,15.5,NA,4.87,3.5,NA,0,3,2,6,18,NA,NA,NA,4,4,1
"56",4501,450,0,1,0,0,0,0,0,0,1,0,1,1,111892,0,2,21,3,15.5,NA,4.75,13,0.15,0,50,2,6.5,16.5,0.97,0.82,0.84,3,3,1
"57",4542,454,0,2,1,0,0,0,0,0,1,0,1,1,111292,0,1,9,3,8.5,NA,4.5,4,0.15,0,NA,2,11,10,0.94,0.73,2.53,4,3,1
"58",4593,459,0,3,1,0,0,0,0,0,1,0,2,1,122292,0,5,20,3,18,NA,4.25,13,0.37,0,NA,2,6,16,1.05,0.9,0.94,5,NA,1
"59",4664,466,0,4,0,0,0,0,0,0,1,0,1,1,111892,2,8,17.5,4,20.75,NA,4.75,17,0.3,1,65,3,10.5,11.5,0.94,0.8,0.94,2,2,1
"60",4711,471,0,1,0,0,0,0,0,0,1,0,1,1,111692,2,25,20,4,39,NA,4.25,26,NA,0,50,2,6,18,0.97,0.84,0.91,2,2,1
"61",4721,472,0,1,0,0,0,0,0,0,1,0,1,1,110792,2,37.5,2,3,41.5,NA,4.25,52,NA,0,80,2,6.5,16.5,0.97,1.05,0.91,3,3,1
"62",4731,473,0,1,0,0,0,0,0,0,1,0,1,1,111792,0,5,27,4,22.5,NA,4.75,26,0.5,1,50,2,6,17,0.97,0.86,0.89,3,2,1
"63",4751,475,0,1,0,0,0,0,0,0,1,0,1,1,110792,1,25,8,3,32,NA,4.5,NA,NA,0,60,1,7,15,1.02,0.89,0.9,3,3,1
"64",4761,476,0,1,0,0,0,0,0,1,0,0,1,1,111792,2,6,30,3,24,NA,4.25,52,0.12,0,60,2,6,18,0.95,0.79,0.91,3,3,1
"65",4771,477,0,1,0,0,0,0,0,0,1,0,1,1,110792,1,8,28,4,26,NA,4.25,39,0.12,1,50,2,6.5,16.5,0.97,0.78,0.99,3,3,1
"66",4781,478,0,1,0,0,0,0,0,1,0,0,2,1,122292,0,32,25,4,48.5,NA,4.5,13,0.22,0,30,2,6,19,0.97,0.86,0.91,3,3,1
"67",4852,485,0,2,1,0,0,0,0,0,1,0,1,1,111292,2,1,9,3,8.5,NA,4.5,26,0.37,0,80,2,11,10,0.95,0.74,2.33,4,3,1
"68",4913,491,0,3,0,0,0,0,0,0,1,0,2,3,123092,0,4,25,2,18.5,NA,4.5,13,0.37,0,100,2,8.5,13,1.05,0.91,0.95,3,2,1
"69",4923,492,0,3,1,0,0,0,0,0,1,0,1,1,111192,0,2,16,3,13,NA,4.5,13,0.25,0,75,2,9,12.5,1.11,1.05,0.94,2,1,1
"70",4974,497,0,4,1,0,0,0,0,0,1,0,1,1,111392,0,12,15,3,22.5,NA,4.5,13,0.15,1,37,2,10,12,0.91,0.84,0.84,2,2,0
"71",4984,498,0,4,1,0,0,0,0,0,1,0,1,1,111792,2,20,10,3,28,NA,4.75,26,0.1,1,75,2,10,12,0.91,0.84,0.85,2,2,1
"72",5011,501,0,1,0,0,0,0,0,0,1,0,1,1,111792,0,14,15,3,24.5,NA,4.25,4,0.37,1,63,2,6.5,16.5,0.84,0.84,0.94,3,3,1
"73",5031,503,0,1,0,0,0,0,0,0,1,0,1,1,110792,2,7.5,14,4,18.5,NA,4.75,NA,0.12,0,100,2,6.5,16.5,0.97,0.84,0.91,3,3,1
"74",5103,510,0,3,1,0,0,0,0,0,1,0,1,1,111892,0,7,25,4,23.5,NA,4.25,26,0.25,0,60,2,6,16,1.05,0.91,1.05,3,3,1
"75",5113,511,0,3,1,0,0,0,0,0,1,0,1,1,111192,0,4,16,3,15,NA,4.75,9,0.15,0,75,2,6,16.5,1.01,0.91,1.05,4,4,1
"76",5143,514,0,3,0,0,0,0,0,0,1,0,1,1,111192,0,5,20,3,18,NA,4.5,26,0.25,0,25,2,6,16,0.94,0.9,0.94,5,3,1
"77",5163,516,0,3,1,0,0,0,0,0,1,0,1,1,111692,2,6,22.5,3,20.25,NA,4.75,13,0.12,0,23,3,6,16,1.05,0.91,1.05,4,3,1
"78",5211,521,0,1,0,0,0,0,0,1,0,0,1,1,110792,0,2.5,20,3,15.5,NA,4.25,13,NA,1,50,2,6.5,16.5,NA,NA,0.52,4,4,1
"79",5221,522,0,1,0,0,0,0,0,1,0,0,1,1,110792,2,2,30,4,21,NA,4.35,26,0.2,0,75,3,7,16,1,0.87,0.94,3,3,1
"80",1131,113,0,1,0,1,0,1,0,0,0,0,1,1,111092,0,0,22,4,15,NA,NA,NA,NA,1,NA,2,7,16,1.06,0.95,1,4,NA,1
"81",1231,123,0,1,0,1,0,1,0,0,0,0,1,1,111092,0,0,20,5,15,NA,NA,13,NA,0,28,2,7,14.5,1.06,0.95,1.01,2,1,1
"82",1353,135,0,3,0,1,0,1,0,0,0,0,1,1,111692,0,10,20,4,24,NA,NA,26,NA,0,NA,0,9,12.5,NA,NA,NA,5,3,1
"83",1383,138,0,3,1,1,0,0,1,0,0,0,1,1,111692,0,4.5,25.5,2,19.25,NA,NA,NA,NA,1,NA,2,10,11.5,1.12,1.07,1.06,6,NA,1
"84",1531,153,0,1,0,1,0,0,1,0,0,0,1,1,111092,0,0,25,9,21.5,NA,NA,52,0.15,0,33,1,7,17,1,0.95,0.89,4,3,1
"85",1812,181,0,2,0,1,0,0,1,0,0,0,1,1,111192,0,0,13,3,9.5,NA,NA,NA,NA,0,100,1,10.5,11,0.91,0.79,2.34,3,2,1
"86",1914,191,0,4,0,1,0,0,1,0,0,0,1,1,111792,0,30,20,4,44,NA,NA,NA,NA,0,NA,2,10.5,12,1.06,0.95,1.06,NA,1,1
"87",2311,231,0,1,0,1,0,0,1,0,0,0,1,1,111092,1,NA,10,3,NA,NA,NA,26,NA,0,NA,2,7,16,1.02,1.02,0.95,2,2,0
"88",2361,236,0,1,0,1,0,0,1,0,0,0,1,1,111792,3,0,34,4,21,NA,NA,17,NA,0,95,1,7,17,1.18,1.02,1.06,4,3,1
"89",2544,254,0,4,0,1,1,0,0,0,0,1,1,1,111492,0,20,10,3,28,NA,NA,16,NA,0,NA,1,7,16,1.06,0.86,1.06,2,2,1
"90",2554,255,0,4,0,1,1,0,0,0,0,0,1,1,111392,2,0,14,3,10,NA,NA,52,0.27,1,10,1,7,14,1.01,0.79,0.85,2,2,1
"91",2941,294,0,1,0,1,0,0,1,0,0,0,1,1,110992,3,0,35,3,20.5,NA,NA,26,0.2,0,70,2,7,16,1.06,0.95,0.95,3,3,1
"92",3063,306,0,3,1,1,0,0,1,0,0,0,1,1,111792,0,15,15,3,25.5,NA,NA,17,NA,0,NA,2,6,17,1.02,NA,1.06,4,4,1
"93",3114,311,0,4,0,1,0,0,1,0,0,0,1,1,111392,2,0,30,4,19,NA,NA,26,0.32,1,78,2,10.5,11.5,0.91,0.91,1.06,2,2,1
"94",3151,315,0,1,0,1,1,0,0,0,0,0,1,1,110992,0,5,19,2,16.5,NA,NA,4,0.25,1,65,3,7,16,1,0.85,0.88,3,2,1
"95",3351,335,0,1,1,1,1,0,0,0,0,0,1,1,111892,0,9,10,3,17,NA,NA,13,0.17,0,100,1,6,17,1.06,0.92,0.92,5,2,1
"96",3721,372,0,1,1,1,0,0,1,0,0,0,1,1,111792,2,0,45,5,27.5,NA,NA,26,0.15,1,30,3,6.5,19,1.1,0.95,1.1,4,NA,1
"97",63,6,0,3,1,1,0,1,0,0,0,0,1,1,111792,2,2,2,2,5,NA,5,13,0.25,0,100,1,11,7,1.2,1.17,2.35,4,2,1
"98",142,14,0,2,0,1,0,1,0,0,0,0,1,1,110592,0,10,8,2,16,NA,5.12,6,0.25,0,0,3,11,11,1.06,0.85,2.49,6,5,1
"99",261,26,0,1,0,1,0,0,1,0,0,0,1,1,111792,3,30,15,4,41.5,NA,5.56,6,NA,1,NA,2,7,16,1.06,0.91,0.98,4,2,1
"100",272,27,0,2,1,1,0,1,0,0,0,0,1,1,111292,2,4,10,4,13,NA,5,NA,0.37,0,0,1,11,10,1.06,0.85,2.34,4,3,1
"101",302,30,0,2,0,1,0,0,1,0,0,0,1,1,111292,4,6,4,2,10,NA,5,13,0.37,0,0,1,11,10,1.06,1.06,2.53,2,2,1
"102",312,31,0,2,0,1,0,1,0,0,0,0,1,1,111492,2,4,16,3,15,NA,5.25,13,0.15,0,0,2,11,11,1.03,1.06,2.56,4,3,1
"103",333,33,0,3,0,1,0,0,1,0,0,0,1,1,111392,0,12,20,4,26,NA,5,26,0.25,0,7,2,6,17,1.02,1.07,0.95,5,4,1
"104",364,36,0,4,0,1,0,1,0,0,0,0,1,1,111492,0,8,12,4,18,NA,5.5,30,0.17,1,0,2,10.5,13,1.02,0.91,2.57,2,2,1
"105",773,77,0,3,0,1,0,0,1,0,0,0,1,1,111992,0,6,50,4,35,NA,5,4,0.15,0,100,2,6,19,1.18,1.07,1.17,6,5,1
"106",783,78,0,3,1,1,0,0,1,0,0,0,1,1,111392,0,13,10,3,21,NA,5,26,0.15,0,0,2,6,17,1.12,1.02,1.02,4,2,1
"107",814,81,0,4,0,1,0,0,1,0,0,0,2,1,121592,4,25,13,3,34.5,NA,5,26,0.1,0,95,2,10,12,1.06,0.98,1.06,2,2,1
"108",824,82,0,4,0,1,0,0,1,0,0,0,1,1,111492,6,8,14.5,3,18.25,NA,5,13,0.37,1,0,2,10.5,13.5,1.06,1.03,1.06,2,2,1
"109",834,83,0,4,0,1,0,0,1,0,0,0,1,1,111792,2,12.5,20,2,24.5,NA,5,13,0.25,0,11,2,10.5,13.5,1.06,0.98,2.13,2,2,0
"110",851,85,0,1,0,1,0,1,0,0,0,1,1,1,111692,3,7,20,3,20,NA,5.5,26,0.52,0,1,1,9,12.5,1.12,1.02,1.02,5,4,1
"111",891,89,0,1,1,1,0,1,0,0,0,0,1,1,111092,2,10,6,3,16,NA,5,13,0.17,0,0,2,7,16,1.09,0.95,1.04,3,2,1
"112",942,94,0,2,0,1,0,1,0,0,0,0,1,1,111292,2,0,25,5,17.5,NA,5,26,0.25,0,0,3,11,10,1.06,0.8,2.56,NA,NA,1
"113",1034,103,0,4,0,1,0,0,1,0,0,0,1,1,111492,2,12.5,10,3,20.5,NA,5,26,0.27,0,50,2,10.5,11.5,0.91,0.85,0.95,2,2,0
"114",1124,112,0,4,0,1,0,0,1,0,0,0,2,1,121392,0,4,26,3,20,NA,5,13,0.2,0,80,2,10,14,1.06,0.98,1.06,2,2,1
"115",1282,128,0,2,1,1,0,1,0,0,0,0,1,1,111492,3,6.5,7.5,2,12.25,NA,5,NA,0.15,0,NA,2,11,11,1.06,0.85,2.34,4,2,1
"116",1293,129,0,3,0,1,0,1,0,0,0,0,1,1,111392,3,20,20,3,33,NA,5.25,26,0.05,0,0,2,6,16,1.1,1,0.74,6,4,1
"117",1313,131,0,3,0,1,0,1,0,0,0,0,2,1,121692,2,15,25,4,31.5,NA,5.5,4,0.37,1,10,2,6,17,1.06,1.06,1.06,5,2,1
"118",1394,139,0,4,0,1,0,1,0,0,0,0,1,1,111492,0,NA,NA,2,NA,NA,5.5,NA,NA,0,NA,2,10.5,12.5,0.95,0.95,1.06,2,1,0
"119",1434,143,0,4,0,1,0,1,0,0,0,0,2,4,121692,3,0,30,3,18,NA,5.37,26,0.25,1,15,2,10.5,11.5,0.95,0.95,1.06,2,2,0
"120",1444,144,0,4,0,1,0,1,0,0,0,0,1,1,111792,2,10,30,3,28,NA,5.05,26,0.15,1,0,2,10.5,12.5,0.91,0.85,1.06,2,2,1
"121",1451,145,0,1,0,1,0,0,1,0,0,0,1,1,111092,0,5,17,3,16.5,NA,5,13,0.15,1,0,2,7,16,1.06,0.95,0.95,3,2,1
"122",1471,147,0,1,0,1,0,0,1,0,0,0,1,1,111892,0,8.5,6.5,3,14.75,NA,5.12,8,0.25,0,100,2,7,14,1.12,0.89,0.95,2,2,1
"123",1481,148,0,1,0,1,0,0,1,0,0,0,1,1,111092,4,4.5,30,4,23.5,NA,5.25,26,0.17,1,0,2,7,17,1.06,0.95,0.95,3,2,1
"124",1511,151,0,1,0,1,0,0,1,0,0,0,2,3,123092,0,1,12,3,10,NA,5,12,0.1,0,92,2,7,15,1.09,0.81,1.04,3,3,1
"125",1521,152,0,1,0,1,0,0,1,0,0,0,1,1,111092,0,35,15,4,46.5,NA,5.12,9,0.67,1,10,1,7,15,1.17,0.95,1.02,3,2,1
"126",1572,157,0,2,0,1,0,0,1,0,0,0,1,1,111792,0,10,5,3,15.5,NA,5,26,0.25,0,0,1,10.5,12,0.91,0.85,2.34,3,3,1
"127",1613,161,0,3,1,1,0,0,1,0,0,0,1,1,111992,0,8,25,4,24.5,NA,5,19,0.15,0,2,2,6,17,1.12,1.02,1.06,7,3,1
"128",1633,163,0,3,1,1,0,0,1,0,0,0,1,1,111292,0,12,18,3,24,NA,5,13,0.15,0,11,2,6,16.5,1.2,1.07,1.06,3,3,1
"129",1643,164,0,3,1,1,0,0,1,0,0,0,1,1,111292,0,4,30,4,23,NA,5,26,0.1,0,3,2,5,19,1.12,1.02,1.06,5,3,1
"130",1654,165,0,4,0,1,0,0,1,0,0,0,1,1,111792,1,20,10,3,28,NA,5,15,0.27,1,60,2,10.5,12.5,1.06,0.89,1.06,3,2,1
"131",1691,169,0,1,1,1,0,0,1,0,0,0,1,1,111692,0,12,33,4,32.5,NA,5,13,0.25,0,50,2,7,16,1.1,0.94,1.04,3,3,1
"132",1701,170,0,1,1,1,0,0,1,0,0,0,1,1,111092,1,10,20,3,23,NA,5,52,0.52,0,0,2,7,16,1.1,1.02,1.08,3,2,1
"133",1873,187,0,3,0,1,0,0,1,0,0,1,1,1,111292,0,4,20,3,17,NA,5.62,26,0.52,0,2,2,7,15,1.12,1.09,1.06,4,3,1
"134",1903,190,0,3,1,1,0,0,1,0,0,0,1,1,111292,0,5,42,4,30,NA,5,26,0.12,1,NA,2,6,16,1.02,1.07,1.06,5,NA,1
"135",1964,196,0,4,1,1,0,0,1,0,0,0,1,1,111392,0,8,19,4,21.5,NA,5,26,0.2,0,NA,2,10.5,11.5,0.95,0.85,1.06,2,2,1
"136",1971,197,0,1,0,1,0,0,1,0,0,0,1,1,111792,0,23,10,4,32,NA,5,26,0.25,0,50,2,7,17,0.99,0.89,0.89,3,2,1
"137",2341,234,0,1,0,1,0,0,1,0,0,0,1,1,111892,2,0,10,3,8,NA,5,26,NA,0,0,2,7,16,1.12,NA,0.49,2,2,1
"138",2403,240,0,3,1,1,0,0,1,0,0,0,1,1,111692,0,15,35,3,35.5,NA,5.1,26,0.25,0,20,2,6,17,1.18,1.02,1.06,6,4,1
"139",2413,241,0,3,0,1,0,0,1,0,0,0,1,1,111192,2,15,25,4,31.5,NA,5,13,0.37,1,30,2,7,16,1.12,1.02,1.06,5,5,0
"140",2423,242,0,3,1,1,0,0,1,0,0,0,1,1,111192,0,25,10,3,33,NA,5.25,13,0.25,1,0,2,6,17,1.1,1.02,1.06,5,4,1
"141",2453,245,0,3,0,1,0,0,1,0,0,0,1,1,111792,3,15,8,3,22,NA,5.5,NA,NA,0,0,1,8.5,13.5,1.2,1.02,1.02,4,2,1
"142",2591,259,0,1,0,1,1,0,0,0,0,0,1,1,110992,0,13,12,4,23,NA,5,4,0.25,0,50,2,7.5,14.5,1.02,0.85,0.85,3,3,1
"143",2681,268,0,1,1,1,1,0,0,0,0,0,1,1,110992,1,10,18,4,23,NA,5,26,0.17,1,0,2,7,15,1.02,0.85,0.85,5,4,1
"144",2712,271,0,2,1,1,1,0,0,0,0,0,1,1,111792,3,0,13,2,8.5,NA,5,13,0.1,0,38,2,11,11,1.02,0.79,2.34,4,2,1
"145",2722,272,0,2,1,1,1,0,0,0,0,0,1,1,111492,4,4,11,3,12.5,NA,5.05,4,0.2,0,0,1,11,11,0.95,0.74,2.34,4,2,1
"146",2742,274,0,2,1,1,1,0,0,0,0,0,1,1,111392,0,0,15,2,9.5,NA,5.5,26,0.12,0,27,2,11,10,0.91,0.74,2.34,4,3,1
"147",2762,276,0,2,1,1,1,0,0,0,0,0,1,1,111392,3,5,10,3,13,NA,5,26,0.25,0,0,2,11,10.5,0.95,0.74,2.19,4,3,1
"148",2961,296,0,1,1,1,0,0,1,0,0,0,1,1,111892,0,5,16,4,17,NA,5.3,26,0.25,0,50,2,7,16,1.06,0.95,1.01,3,3,1
"149",2992,299,0,2,1,1,0,0,1,0,0,0,1,1,111792,0,3,8,2,9,NA,5,26,NA,0,0,1,10.5,11.5,1.06,0.85,2.34,3,2,1
"150",3012,301,0,2,1,1,0,0,1,0,0,0,1,1,111492,4,8,12,5,19,NA,5,11,0.36,1,0,3,11,10.5,1.06,0.85,2.34,3,1,1
"151",3202,320,0,2,0,1,1,0,0,0,0,1,1,1,111392,0,5,9,2,11.5,NA,5,13,0.12,1,0,2,11,12,1.12,0.8,2.45,4,4,1
"152",3212,321,0,2,0,1,1,0,0,0,0,1,1,1,111492,0,3,14,3,13,NA,5,NA,0.25,0,10,2,10.5,12.5,1.12,0.85,2.45,4,2,1
"153",3243,324,0,3,0,1,1,0,0,0,0,0,2,1,121892,2,20,46,5,48,NA,5.25,26,0.2,0,0,2,0,24,1.18,1.06,NA,5,2,1
"154",3263,326,0,3,1,1,1,0,0,0,0,1,1,1,111892,3,18,45,5,45.5,NA,5.15,11,0.15,0,7,2,0,24,1.26,0.99,NA,4,3,1
"155",3304,330,0,4,0,1,1,0,0,0,0,1,1,1,111392,0,4,16,3,15,NA,5.42,13,0.12,1,0,1,10.5,15.5,1.01,0.86,0.95,2,2,1
"156",3341,334,0,1,0,1,1,0,0,0,0,0,1,1,110992,0,10,10,3,18,NA,5,4,0.17,0,0,3,9,12.5,0.91,0.91,0.91,3,3,1
"157",3493,349,0,3,1,1,1,0,0,0,0,0,1,1,111192,1,2.5,27,5,21,NA,5,6,0.15,0,10,2,6,16,1.12,0.91,0.95,3,3,1
"158",3544,354,0,4,0,1,1,0,0,0,0,0,1,1,111392,3,14,7,3,20.5,NA,5.06,4,0.25,1,10,1,10.5,10.5,0.95,0.86,0.95,2,2,1
"159",3564,356,0,4,0,1,1,0,0,0,0,0,1,1,111492,3,11.5,10,4,20.5,NA,5.05,13,NA,1,0,1,10.5,11.5,0.95,0.8,1.06,2,2,1
"160",3574,357,0,4,0,1,0,0,1,0,0,0,1,1,111392,1,4.5,20,3,17.5,NA,5,16,0.2,0,100,1,10.5,11.5,0.95,0.86,0.95,2,2,1
"161",3711,371,0,1,0,1,0,0,1,0,0,0,1,1,110792,0,12,23,4,27.5,NA,5,13,0.15,0,100,2,7,16,1.06,1.02,0.95,3,3,1
"162",3731,373,0,1,1,1,0,0,1,0,0,0,1,1,110792,0,14,12,4,24,NA,5,4,0.25,0,100,2,6.5,15.5,1.01,0.95,1.03,6,3,1
"163",3751,375,0,1,0,1,0,0,1,0,0,0,1,1,111692,3,25,10,4,34,NA,5.25,26,0.25,1,0,1,7,15,1.02,0.8,NA,4,2,1
"164",3781,378,0,1,1,1,0,0,1,0,0,0,1,1,110792,4,10,8,4,18,NA,5,52,0.1,0,NA,2,6.5,18.5,1.1,0.96,1.1,5,5,1
"165",3811,381,0,1,0,1,0,0,1,0,0,0,1,1,111692,0,10,20,4,24,NA,5,13,0.5,1,0,2,6.5,16.5,1.27,1.17,1.1,4,2,1
"166",4033,403,0,3,1,1,0,0,1,0,0,0,1,1,111892,2,13,31,NA,NA,NA,5.05,26,0.15,0,10,2,6,18,1.09,1.12,1.06,5,4,0
"167",4064,406,0,4,1,1,0,0,1,0,0,0,1,1,111392,0,12,35,4,33.5,NA,5,NA,0.32,0,0,1,10.5,11.5,1.02,NA,2.14,2,2,1
"168",4074,407,0,4,1,1,0,0,1,0,0,0,1,1,111392,2,5,10,2,12,NA,5.75,26,0.15,1,0,2,11,10.5,1.17,1.17,1.38,1,1,1
"169",4091,409,0,1,0,1,0,0,1,0,0,0,1,1,111792,0,3,60,2,35,NA,5,39,NA,0,0,1,7,15,1.19,0.87,0.95,3,3,1
"170",11,1,0,1,0,1,0,1,0,0,0,0,1,1,110592,0,16,30,4,35,NA,4.5,NA,0.25,0,80,3,7,16,0.93,0.83,0.85,4,3,1
"171",21,2,0,1,0,1,0,1,0,0,0,0,1,1,110592,0,10,6,3,16,NA,4.75,26,0.5,1,80,1,7,14,1.06,0.91,0.96,2,2,1
"172",32,3,0,2,0,1,0,1,0,0,0,0,1,1,111792,3,6,13,3,15.5,NA,4.25,13,0.25,1,50,2,11,10,1.06,0.95,3.09,5,3,1
"173",43,4,0,3,0,1,0,1,0,0,0,0,1,1,110592,0,10,12,3,19,NA,4.75,4,0.25,0,50,2,9,12.5,1.06,1,2.13,8,4,1
"174",53,5,0,3,0,1,0,1,0,0,0,0,1,1,111892,0,5,30,4,24,NA,4.5,13,0.17,0,NA,1,6,17,0.95,NA,2.13,5,4,1
"175",84,8,0,4,0,1,0,1,0,0,0,0,1,1,110592,0,NA,25,4,NA,NA,4.8,NA,0.15,0,NA,1,10.5,12,1.02,0.91,2.28,2,1,0
"176",91,9,0,1,0,1,0,1,0,0,0,0,1,1,110592,2,12,40,4,36,NA,4.37,26,0.15,0,35,2,7,16,1.04,0.67,0.85,4,4,1
"177",101,10,0,1,0,1,0,1,0,0,0,0,1,1,110592,0,15,20,4,29,NA,4.25,39,0.17,0,80,2,7,16,1.04,0.85,0.85,3,3,1
"178",111,11,0,1,0,1,0,1,0,0,0,0,1,1,111792,2,10,30,4,29,NA,4.25,26,0.1,0,80,2,7,16,1.09,0.89,0.91,3,3,1
"179",121,12,0,1,0,1,0,1,0,0,0,0,1,1,111892,0,6.5,23.5,3,21.25,NA,4.37,9,0.1,0,100,2,7,16,1.05,0.79,0.91,3,3,1
"180",132,13,0,2,0,1,0,1,0,0,0,0,1,1,111792,0,0,25,3,15.5,NA,4.5,7,0.25,0,100,2,11,10,1.06,0.95,2.66,5,4,1
"181",153,15,0,3,0,1,0,1,0,0,0,0,2,1,121092,3,3,25,4,19.5,NA,4.6,9,0.15,1,95,2,6,17,1.02,0.98,0.95,5,4,1
"182",163,16,0,3,0,1,0,1,0,0,0,0,1,1,110592,0,6,22,4,21,NA,4.5,13,0.25,0,50,2,6,17,1,1,NA,5,5,1
"183",173,17,0,3,0,1,0,1,0,0,0,0,1,1,111692,0,0,20,4,14,NA,4.37,13,0.25,0,60,2,6,17,1.06,1,2.02,6,5,1
"184",183,18,0,3,0,1,0,1,0,0,0,0,1,1,110592,2,15,25,3,30.5,NA,4.25,13,NA,0,50,2,6,17,NA,NA,NA,4,4,1
"185",191,19,0,1,0,1,1,0,0,0,0,0,1,1,110592,3,4,31,4,23.5,NA,4.25,4,0.25,0,50,2,6,16,1.05,0.91,0.93,3,3,1
"186",212,21,0,2,0,1,1,0,0,0,0,0,1,1,111492,0,5,12,3,14,NA,4.45,6,0.1,0,90,2,10.5,10.5,1.06,0.8,2.13,3,3,1
"187",223,22,0,3,0,1,1,0,0,0,0,0,1,1,110592,2,3,15,4,14.5,NA,4.35,26,0.12,0,90,2,7,16,1.06,0.84,0.95,4,1,1
"188",231,23,0,1,0,1,0,0,1,0,0,0,1,1,111792,2,0,25,3,15.5,NA,4.5,26,0.12,0,75,2,7,16,1.06,0.95,0.95,3,2,1
"189",241,24,0,1,0,1,0,1,0,0,0,0,2,1,122192,2,15,15,4,26.5,NA,4.75,13,0.25,1,40,2,7,16,1.06,0.95,1.01,4,3,1
"190",282,28,0,2,0,1,0,0,1,0,0,0,1,1,111892,6,0,14,1,8,NA,4.5,NA,0.25,0,10,2,11,10,1.06,1.17,2.56,2,1,1
"191",292,29,0,2,0,1,0,0,1,0,0,0,1,1,111292,3,0,7,2,5.5,NA,4.5,4,0.25,0,NA,2,11,11,1.06,1.01,2.56,3,2,1
"192",323,32,0,3,0,1,0,0,1,0,0,0,1,1,111792,0,10,20.5,3,23.25,NA,4.5,26,0.25,0,40,2,10.5,11.5,1.12,1.02,1.06,4,3,1
"193",343,34,0,3,1,1,0,0,1,0,0,0,1,1,111392,0,5,15,3,15.5,NA,4.95,26,NA,0,75,2,10.5,11.5,1.12,1.02,1.06,5,3,1
"194",354,35,0,4,0,1,0,0,1,0,0,0,1,1,111992,2,25,6.5,4,32.25,NA,4.5,9,0.25,1,NA,2,10.5,11.5,0.96,0.95,2.13,2,2,1
"195",381,38,0,1,0,1,0,1,0,0,0,0,1,1,111092,0,15,20,5,30,NA,4.25,17,0.15,0,100,2,6,17,1.05,0.95,0.98,3,2,1
"196",631,63,0,1,1,1,0,0,1,0,0,0,1,1,111792,1,26,6,NA,NA,NA,4.25,26,NA,0,75,2,6,18,1.1,0.97,1.17,4,3,0
"197",641,64,0,1,0,1,0,0,1,0,0,0,1,1,111092,1,20,15,3,30.5,NA,4.5,26,0.2,0,60,3,7,16,1.06,0.95,0.95,3,2,1
"198",651,65,0,1,0,1,0,0,1,0,0,0,2,2,121592,5,0,20,4,14,NA,4.8,52,0.25,0,90,2,6.5,15.5,1.06,0.85,1.11,3,3,0
"199",661,66,0,1,0,1,0,0,1,0,0,0,1,1,111092,0,15,18,3,27,NA,4.25,26,0.15,0,20,2,7,17,1.06,0.95,0.95,3,2,1
"200",671,67,0,1,0,1,0,0,1,0,0,0,1,1,111092,0,5,15,6,18.5,NA,4.5,13,0.25,0,55,1,8,13.5,1.17,1.06,1.17,3,2,1
"201",681,68,0,1,0,1,0,0,1,0,0,0,1,1,111092,1,30,10,3,38,NA,4.25,14,0.05,0,NA,3,7,17,1.07,1.02,1.02,3,3,1
"202",691,69,0,1,0,1,0,0,1,0,0,0,1,1,111792,0,0,27,3,16.5,NA,4.25,13,0.22,0,100,2,7,18,1.17,0.95,0.95,4,2,1
"203",701,70,0,1,0,1,0,0,1,0,0,0,1,1,111092,0,35,20,5,50,NA,4.5,13,0.27,0,50,1,7,16,1.06,0.95,1.02,3,3,1
"204",711,71,0,1,0,1,0,0,1,0,0,0,1,1,111692,1,0,35,3,20.5,NA,4.75,13,0.25,0,100,3,7,17,1.06,0.95,0.95,3,2,1
"205",732,73,0,2,0,1,0,0,1,0,0,0,1,1,111792,1,0,7,3,6.5,NA,4.25,NA,0.75,0,40,3,11,12,1.06,1.06,2.45,3,2,1
"206",752,75,0,2,0,1,0,0,1,0,0,0,1,1,111292,0,3,15,3,13.5,NA,4.25,4,0.25,0,0,2,11,11,1.17,1.27,2.77,3,3,1
"207",763,76,0,3,1,1,0,0,1,0,0,0,1,1,111392,0,8,32,4,28,NA,4.25,26,0.2,0,50,2,6,17,1.12,1.02,1.02,6,3,1
"208",793,79,0,3,1,1,0,0,1,0,0,0,1,1,111392,4,6,25,3,21.5,NA,4.5,26,0.15,0,30,2,6,17,1.17,1.02,1.06,5,4,1
"209",804,80,0,4,0,1,0,0,1,0,0,0,1,1,111492,1,4.5,20,NA,NA,NA,4.25,26,0.25,0,90,2,10.5,11.5,1.06,0.98,1.06,2,2,0
"210",841,84,0,1,0,1,0,1,0,0,0,0,1,1,111692,3,4,30,5,24,NA,4.5,26,0.15,0,50,2,7,16,1.04,0.85,0.91,4,2,1
"211",861,86,0,1,0,1,0,1,0,0,0,0,1,1,111092,1,11,11,4,20.5,NA,4.25,13,0.25,0,NA,3,7,15,1.06,0.94,1.1,3,3,1
"212",871,87,0,1,0,1,0,1,0,0,0,1,1,1,111092,0,0,15,NA,NA,NA,4.5,26,NA,0,NA,2,7,15,1.06,0.86,1.02,3,3,0
"213",881,88,0,1,0,1,1,0,0,0,0,0,2,1,121892,0,3,35,3,23.5,NA,4.25,NA,NA,1,75,3,7,15,1.06,0.87,0.91,5,5,1
"214",911,91,0,1,1,1,0,1,0,0,0,1,1,1,111792,2,8,22,4,23,NA,4.25,8,0.15,0,100,2,7,17,1.09,0.93,1.04,3,3,1
"215",921,92,0,1,1,1,0,1,0,0,0,1,1,1,111092,0,4,18,4,17,NA,4.25,13,0.75,0,100,2,7,15,1.09,0.95,1.03,3,3,1
"216",931,93,0,1,1,1,0,0,1,0,0,0,1,1,111092,0,2.5,30,3,20.5,NA,4.25,52,0.15,0,90,2,7,16,NA,NA,0.96,NA,NA,1
"217",952,95,0,2,0,1,0,1,0,0,0,0,1,1,111292,1,18,3,4,23.5,NA,4.25,26,0.27,0,40,1,11,10,1.06,0.8,2.56,4,3,1
"218",962,96,0,2,0,1,0,0,1,0,0,0,1,1,111892,2,0,15,2,9.5,NA,4.25,26,0.12,0,80,2,11.5,10,1.06,1.01,2.66,3,2,1
"219",972,97,0,2,0,1,0,1,0,0,0,0,1,1,111292,2,0,12,4,10,NA,4.25,13,0.25,1,58,2,11,10,1.02,0.75,2.56,3,2,1
"220",982,98,0,2,0,1,0,1,0,0,0,1,1,1,111292,0,0,20,4,14,NA,4.25,13,0.4,0,80,3,11,10,1.06,0.8,2.56,3,3,1
"221",993,99,0,3,1,1,0,1,0,0,0,1,2,1,121892,0,60,40,5,85,NA,4.75,26,0.15,0,50,2,0,24,1.23,NA,2.3,8,6,1
"222",1013,101,0,3,0,1,0,1,0,0,0,1,1,1,111392,3,4.5,15,3,15,NA,4.75,26,0.15,0,80,2,7,15,1.2,1.18,1.06,6,4,1
"223",1023,102,0,3,0,1,1,0,0,0,0,0,1,1,111392,2,12,13,3,21.5,NA,4.4,52,0.2,0,15,2,7,16,1.06,0.91,1.07,6,4,1
"224",1044,104,0,4,0,1,0,1,0,0,0,1,1,1,111492,0,40,20,3,53,NA,4.62,4,0.32,1,50,2,10.5,11.5,0.95,0.84,0.94,2,2,1
"225",1051,105,0,1,0,1,0,0,1,0,0,0,1,1,111092,2,0,40,4,24,NA,4.25,10,NA,0,50,2,6.5,16.5,0.96,1,1.03,4,2,1
"226",1061,106,0,1,0,1,0,0,1,0,0,0,1,1,111092,0,0,35,3,20.5,NA,4.25,26,0.27,0,65,3,7,16,1.06,0.95,0.95,2,1,1
"227",1071,107,0,1,1,1,0,0,1,0,0,0,2,1,123092,0,6,11,3,14.5,NA,4.25,8,0.32,0,40,1,8,14.5,1.17,0.95,0.95,3,3,1
"228",1081,108,0,1,0,1,0,0,1,0,0,0,1,1,111692,2,13.5,15,4,25,NA,4.25,26,0.37,1,6,1,7,17,1.27,1.01,1.06,3,3,1
"229",1113,111,0,3,0,1,0,0,1,0,0,0,1,1,111892,0,17,14,3,27,NA,4.25,2,0.42,0,55,3,7,16,1.17,1.06,1.01,5,5,1
"230",1141,114,0,1,0,1,0,1,0,0,0,0,1,1,111792,2,0,35,5,22.5,NA,4.75,26,0.57,1,50,2,7,16,1.07,0.95,0.95,3,NA,1
"231",1151,115,0,1,0,1,0,1,0,0,0,0,1,1,111092,0,20,25,4,36.5,NA,4.75,4,0.3,0,25,1,7,17,1.06,0.95,1.06,4,3,1
"232",1161,116,0,1,0,1,0,1,0,0,0,0,1,1,111092,0,4,22.5,2,17.25,NA,4.25,18,0.37,0,90,2,8.5,13,1.49,1.02,1.11,7,3,1
"233",1181,118,0,1,0,1,0,0,1,0,0,0,1,1,111692,3,10,15,4,21.5,NA,4.25,26,0.15,0,70,2,7,15,1.06,0.95,1.01,4,2,1
"234",1191,119,0,1,0,1,0,0,1,0,0,0,1,1,111692,2,12,19,3,24.5,NA,4.75,13,0.27,1,50,3,6.5,16.5,1.06,0.91,0.95,3,3,1
"235",1201,120,0,1,1,1,0,1,0,0,0,0,1,1,111992,3,0,32,3,19,NA,4.5,NA,NA,0,NA,2,7,16,1.13,0.98,1.04,3,2,1
"236",1221,122,0,1,0,1,0,0,1,0,0,0,1,1,111092,0,1,38,5,25,NA,4.25,4,0.2,0,70,1,9,12.5,NA,1.12,1.12,5,3,1
"237",1241,124,0,1,0,1,0,1,0,0,0,0,1,1,111092,1,8,10,3,16,NA,4.25,13,0.25,0,14,2,8,15,1.06,0.91,1.04,2,2,1
"238",1252,125,0,2,0,1,0,1,0,0,0,0,1,1,111492,0,15,0,4,19,NA,4.5,26,0.25,0,100,1,10,12.5,0.91,0.85,2.34,3,2,1
"239",1303,130,0,3,1,1,0,1,0,0,0,0,2,1,122192,2,7,25.5,3,22.75,NA,4.5,19,0.3,0,15,2,5,18,1.12,1.07,1,4,3,1
"240",1323,132,0,3,1,1,0,1,0,0,0,0,1,1,111692,0,20,20,5,35,NA,4.5,26,0.25,0,80,2,0,24,1.28,1.06,2.3,5,3,1
"241",1333,133,0,3,1,1,0,1,0,0,0,0,1,1,111392,0,6,16,2,16,NA,4.75,26,NA,0,99,2,6,17,1.12,1.07,1.06,4,3,1
"242",1343,134,0,3,0,1,0,1,0,0,0,0,1,1,111392,2,5.5,25,3,21,NA,4.62,NA,NA,0,42,2,6,16,1.09,NA,0.95,4,3,1
"243",1363,136,0,3,1,1,0,1,0,0,0,0,2,0,121692,2,14.5,14.5,5,26.75,NA,4.25,21,0.27,0,5,2,6,17,1.12,1.07,1.1,5,4,0
"244",1373,137,0,3,1,1,0,0,1,0,0,0,1,1,111692,3,15,25,3,30.5,NA,4.25,26,0.15,0,50,2,6,16,1.12,1.06,1.02,6,4,1
"245",1404,140,0,4,0,1,0,1,0,0,0,0,1,1,111492,0,0,40,3,23,NA,4.5,26,0.37,1,25,2,10.5,11.5,0.91,0.86,1.06,2,2,1
"246",1414,141,0,4,0,1,0,1,0,0,0,0,1,1,111892,0,10,15,4,21.5,NA,4.75,13,0.27,1,NA,2,10.5,12.5,1.02,0.91,1.06,2,2,1
"247",1424,142,0,4,0,1,0,0,1,0,0,0,1,1,111492,0,15,35,4,36.5,NA,4.25,26,0.15,1,NA,2,10,11.5,1.06,0.95,1.06,2,2,1
"248",1461,146,0,1,0,1,0,0,1,0,0,0,1,1,111092,3,8,20,5,23,NA,4.8,26,0.25,1,NA,2,7,16,1.06,1,1.06,4,3,1
"249",1491,149,0,1,0,1,0,0,1,0,0,0,1,1,111092,1,0,20,4,14,NA,4.5,26,0.27,0,50,3,7,16,1.06,0.95,0.95,2,1,1
"250",1501,150,0,1,0,1,0,0,1,0,0,0,2,1,123192,2,0,27.5,3.5,17.25,NA,4.67,26,0.27,1,2,2,7,16,1.23,0.89,0.89,3,3,1
"251",1561,156,0,1,0,1,0,0,1,0,0,0,1,1,111092,0,8,15,3,18.5,NA,4.87,6,0.25,0,0,1,7,15,1.06,0.95,1.02,8,3,1
"252",1582,158,0,2,0,1,0,0,1,0,0,0,1,1,111192,1,2,7,3,8.5,NA,4.5,4,0.12,0,55,1,11,10,0.92,0.7,2.34,3,3,1
"253",1592,159,0,2,0,1,0,0,1,0,0,0,1,1,111492,8,6,12,2,14,NA,4.5,4,0.12,0,22,1,10.5,10.5,0.98,0.85,2.34,3,3,1
"254",1623,162,0,3,1,1,0,0,1,0,0,0,1,1,111292,2,0,40,3,23,NA,4.75,26,0.17,0,45,2,6,16.5,1.12,1.02,1.06,NA,1,1
"255",1664,166,0,4,0,1,0,0,1,0,0,0,1,1,111392,0,8,32,5,29,NA,4.75,26,0.25,1,40,2,10.5,11.5,0.95,0.85,1.06,2,2,1
"256",1681,168,0,1,0,1,0,0,1,0,0,0,1,1,111692,0,5,20,4,19,NA,4.25,4,0.25,1,50,1,7,15,1.06,0.95,0.95,3,3,1
"257",1711,171,0,1,1,1,0,0,1,0,0,1,1,1,111092,0,2,32,3,21,NA,4.25,8,0.25,0,NA,2,7,16,1.09,0.95,1.04,3,3,1
"258",1721,172,0,1,0,1,0,0,1,0,0,0,1,1,111692,0,0,24,5,17,NA,4.75,13,0.25,0,0.3,1,9,12.5,1.12,1.02,1.06,5,4,1
"259",1731,173,0,1,0,1,0,0,1,0,0,0,1,1,111792,3,6,40,10,36,NA,4.85,26,0.15,0,50,2,6.5,17.5,1.06,0.95,0.98,4,3,1
"260",1741,174,0,1,0,1,0,0,1,0,0,1,1,1,111092,2,11,20,4,25,NA,4.75,26,0.15,0,50,2,7,16,1.18,0.88,0.98,4,3,1
"261",1761,176,0,1,0,1,0,0,1,0,0,0,1,1,111792,0,15,21,4,29.5,NA,4.62,13,0.12,0,20,1,7,16,1.06,NA,1.05,4,4,1
"262",1782,178,0,2,1,1,0,0,1,0,0,1,1,1,111191,0,13,12,3,22,NA,4.25,52,0.2,1,96,1,11,10,0.91,0.85,2.34,3,2,1
"263",1792,179,0,2,0,1,0,0,1,0,0,0,1,1,111892,2,2,12,3,11,NA,4.25,13,0.25,1,90,1,10.5,10.5,0.91,0.91,2.34,3,3,1
"264",1802,180,0,2,0,1,0,0,1,0,0,1,1,1,111192,0,8,3,4,13.5,NA,4.5,26,0.25,0,30,2,11,11,1.06,1.01,2.66,4,2,1
"265",1822,182,0,2,0,1,1,0,0,0,0,1,1,1,111192,0,3,15,3,13.5,NA,4.5,4,0.25,1,100,2,11,11,1.06,1.01,2.66,4,3,1
"266",1832,183,0,2,0,1,0,0,1,0,0,0,1,1,111892,0,12,4,4,18,NA,4.62,20,0.33,0,100,3,11,11,1.06,1.01,2.66,4,3,1
"267",1852,185,0,2,0,1,0,1,0,0,0,1,1,1,111192,0,2,9,3,9.5,NA,4.5,13,0.2,0,100,2,11,10.5,1.06,1.01,2.66,4,4,1
"268",1863,186,0,3,0,1,0,0,1,0,0,0,1,1,111892,3,10,20,4,24,NA,4.75,26,0.15,1,50,2,6,16,1.12,1.02,0.95,5,3,1
"269",1893,189,0,3,0,1,0,0,1,0,0,0,1,1,111292,0,4,15,3,14.5,NA,4.75,39,0.2,0,95,2,7,15,1.12,1.07,1.12,4,2,1
"270",1924,192,0,4,0,1,0,0,1,0,0,0,1,1,111392,2,20,10,4,29,NA,4.87,26,0.17,1,10,2,10,12,0.91,0.85,1.06,2,2,1
"271",1934,193,0,4,0,1,0,0,1,0,0,1,1,1,111792,3,1,13,3,10.5,NA,4.5,13,0.12,1,NA,2,10,11,0.95,0.85,0.99,2,1,1
"272",1954,195,0,4,0,1,0,0,1,0,0,1,1,1,111892,3,0,30,3,18,NA,4.25,26,NA,1,100,2,10.5,11.5,1.06,0.85,1.06,2,2,1
"273",1981,198,0,1,0,1,0,0,1,0,0,0,1,1,111792,0,NA,NA,4,NA,NA,4.25,4,0.12,1,65,3,7,16,1.06,0.95,0.95,3,3,0
"274",1992,199,0,2,0,1,0,0,1,0,0,0,1,1,111192,0,0,12,3,9,NA,4.35,NA,0.12,0,25,1,11,10,0.85,0.8,2.34,4,3,1
"275",2001,200,0,1,0,1,0,0,1,0,0,0,1,1,111092,0,0,60,3,33,NA,4.25,9,0.2,1,15,2,6,18,1.06,0.91,0.98,4,3,1
"276",2011,201,0,1,0,1,0,0,1,0,0,0,1,1,111092,0,0,33,3,19.5,NA,4.5,26,0.35,0,65,2,7,17,1.06,1.02,0.95,3,3,1
"277",2021,202,0,1,0,1,0,0,1,0,0,0,1,1,111692,2,30,14,4,41,NA,4.25,4,0.37,1,15,2,6,19,1.17,0.95,0.63,3,3,1
"278",2031,203,0,1,0,1,0,0,1,0,0,0,1,1,111092,2,9,12,2,17,NA,4.25,26,0.15,0,50,2,7,17,1.06,0.95,0.95,3,3,1
"279",2041,204,0,1,0,1,0,0,1,0,0,0,1,1,111092,0,10,8.5,4,18.25,NA,4.25,13,0.27,0,31,2,6.5,17.5,1.06,1,1.06,3,3,1
"280",2072,207,0,2,1,1,0,0,1,0,0,0,1,1,111192,0,8,10,4,17,NA,4.75,8,0.25,0,25,1,11,12,1.06,0.85,2.34,4,2,1
"281",2083,208,0,3,1,1,0,0,1,0,0,0,1,1,111792,1,12,32,4,32,NA,4.62,26,0.15,0,95,2,6,17,1.19,0.94,0.85,4,4,1
"282",2093,209,0,3,1,1,0,0,1,0,0,0,1,1,111192,0,4,36,4,26,NA,4.25,26,0.12,0,75,2,6,18,1.17,0.95,0.95,5,5,1
"283",2104,210,0,4,1,1,0,0,1,0,0,0,1,1,111392,3,0,19,2,11.5,NA,4.5,13,0.17,1,90,2,10.5,11.5,1.06,0.95,0.95,4,2,1
"284",2111,211,0,1,0,1,1,0,0,0,0,0,1,1,111692,2,3,28,4,21,NA,4.5,13,NA,0,80,2,7,15,1.02,0.95,0.95,3,3,1
"285",2121,212,0,1,0,1,1,0,0,0,0,0,1,1,111092,0,11,17.5,3,22.75,NA,4.5,13,0.17,0,95,1,7,16,1.06,0.88,0.84,3,2,1
"286",2131,213,0,1,1,1,1,0,0,0,0,0,2,1,121892,1,4.5,20,4,18.5,NA,4.55,4,0.15,0,50,2,6.5,17.5,0.96,0.93,0.93,4,3,1
"287",2141,214,0,1,0,1,1,0,0,0,0,0,1,1,111892,0,2,30,3,20,NA,4.62,6.5,0.25,0,75,2,7,16,1.02,0.89,0.91,2,2,1
"288",2151,215,0,1,0,1,1,0,0,0,0,0,1,1,111092,0,10,10,3,18,NA,4.5,13,0.2,0,100,2,7,16,1.06,0.89,0.91,3,3,1
"289",2162,216,0,2,0,1,1,0,0,0,0,0,1,1,111192,0,2,11,3,10.5,NA,4.25,13,0.15,0,100,1,11,10.5,1.06,0.95,2.77,4,3,1
"290",2172,217,0,2,1,1,1,0,0,0,0,0,1,1,111192,0,2,13,2,10.5,NA,4.25,13,0.17,0,73,1,11,10,0.95,0.74,2.19,4,3,1
"291",2182,218,0,2,1,1,1,0,0,0,0,0,1,1,111192,0,7,4,2,11,NA,4.35,26,0.25,0,5,1,11,10,0.85,0.74,2.34,3,2,1
"292",2192,219,0,2,1,1,1,0,0,0,0,0,1,1,111192,0,3,9,3,10.5,NA,4.25,19,0.12,0,50,2,11,10,0.91,0.74,2.34,4,3,1
"293",2202,220,0,2,0,1,1,0,0,0,0,0,1,1,111492,4,3,15,2,12.5,NA,4.25,13,0.25,0,50,2,11,10,1.06,0.95,2.77,5,3,1
"294",2212,221,0,2,0,1,1,0,0,0,0,0,1,1,111192,0,1,28,3,18,NA,4.6,13,0.25,0,95,1,11,11,1.02,0.95,2.56,4,3,1
"295",2223,222,0,3,1,1,1,0,0,0,0,0,1,1,111192,3,2,24,3,17,NA,4.25,13,0.25,0,75,2,9,12.5,1.12,0.85,1.06,3,1,1
"296",2233,223,0,3,1,1,1,0,0,0,0,0,2,1,121892,2,3,18,3,15,NA,4.75,13,0.25,0,30,2,6,16,NA,NA,NA,3,2,1
"297",2253,225,0,3,1,1,1,0,0,0,0,0,1,1,111192,0,3,27,3,19.5,NA,4.75,13,0.2,0,25,2,6,17,1.06,0.91,0.91,6,3,1
"298",2264,226,0,4,0,1,1,0,0,0,0,0,1,1,111792,0,0,22,2,13,NA,4.25,13,0.25,0,60,1,10.5,11.5,0.95,0.71,0.95,2,2,1
"299",2284,228,0,4,0,1,1,0,0,0,0,0,1,1,111392,0,3,28.5,3,20.25,NA,4.5,13,0.2,1,20,3,10.5,12.5,0.95,0.86,0.95,2,2,1
"300",2291,229,0,1,0,1,0,0,1,0,0,0,1,1,111692,2,3,40,3,26,NA,4.5,26,0.1,0,30,2,8.5,13.5,0.95,0.95,1.06,5,4,1
"301",2301,230,0,1,0,1,0,0,1,0,0,0,1,1,111692,0,0,25,3,15.5,NA,4.25,26,0.1,0,60,1,7,17,1.02,0.95,0.95,3,2,1
"302",2321,232,0,1,0,1,0,0,1,0,0,0,1,1,111892,3,18,6,3,24,NA,4.75,26,0.12,1,46,3,7,16,1.06,0.95,0.95,3,3,1
"303",2331,233,0,1,0,1,0,0,1,0,0,0,1,1,111092,0,19,7,3,25.5,NA,4.65,13,0.32,0,10,2,7,16,1.17,0.95,0.95,2,2,1
"304",2351,235,0,1,0,1,0,0,1,0,0,0,2,1,121592,2,5,17,1,14.5,NA,4.25,26,0.21,0,100,2,7,16,1.02,0.95,1.04,3,2,0
"305",2371,237,0,1,0,1,0,0,1,0,0,0,1,1,110992,2,12,11,4,21.5,NA,4.25,13,0.25,0,50,2,7,16,1.11,0.95,1.01,2,2,1
"306",2382,238,0,2,1,1,0,0,1,0,0,0,1,1,111192,2,0,22,3,14,NA,4.75,9,0.12,0,100,1,11,12,1.06,1.02,2.34,5,3,1
"307",2392,239,0,2,0,1,0,0,1,0,0,0,1,1,111292,1,15,4,3,20,NA,4.25,13,0.25,0,35,1,10.5,13.5,1.05,0.95,2.74,5,3,1
"308",2433,243,0,3,1,1,0,0,1,0,0,0,1,1,111192,0,7,25,3,22.5,NA,4.5,8,0.25,0,40,2,6,16.5,1.07,1.02,0.74,6,3,1
"309",2443,244,0,3,1,1,0,0,1,0,0,0,1,1,111192,3,12,30,3,30,NA,4.25,4,0.25,0,40,2,6,18,1.17,1.12,1.02,4,3,1
"310",2474,247,0,4,0,1,0,0,1,0,0,0,2,1,121792,3,0,40,4,24,NA,4.5,13,0.1,0,75,2,10.5,15.5,1.06,1.05,1.06,2,2,1
"311",2484,248,0,4,0,1,0,0,1,0,0,0,1,1,111392,2,8,16,6,22,NA,4.75,13,0.37,0,NA,2,10,16,1.17,0.95,0.85,2,2,1
"312",2491,249,0,1,0,1,1,0,0,0,0,1,1,1,110992,1,6,6,4,13,NA,4.37,4,0.25,0,63,1,7,15,1.13,1.06,0.95,3,2,1
"313",2502,250,0,2,1,1,1,0,0,0,0,1,1,1,111292,2,1,4,2,5,NA,4.5,13,0.3,0,100,1,11,10,0.85,NA,NA,4,1,1
"314",2533,253,0,3,1,1,1,0,0,0,0,0,1,1,111192,0,7,7,3,13.5,NA,4.87,52,NA,0,NA,2,7,13,1.23,1.06,2.3,2,2,1
"315",2571,257,0,1,0,1,1,0,0,0,0,1,2,2,121492,2,20,10,3,28,NA,4.25,39,0.2,0,10,2,7,16,1.02,0.88,0.91,2,2,0
"316",2581,258,0,1,0,1,1,0,0,0,0,0,1,1,110992,0,4,22,3,18,NA,4.25,8,0.15,0,38,2,7,16,1.06,0.92,0.9,3,3,1
"317",2601,260,0,1,1,1,1,0,0,0,0,0,1,1,110992,2,10,20,4,24,NA,4.25,4,0.17,1,100,2,7,16,1.06,0.93,0.88,4,2,1
"318",2621,262,0,1,0,1,1,0,0,0,0,0,1,1,110992,0,7,13,3,16.5,NA,4.25,13,0.25,0,78,2,6.5,16.5,1.06,0.95,1.06,4,4,1
"319",2641,264,0,1,0,1,1,0,0,0,0,0,2,1,121492,5,0,10,2,7,NA,4.25,13,0.25,1,60,3,7,15,1.02,0.88,0.91,2,2,1
"320",2651,265,0,1,0,1,1,0,0,0,0,0,2,3,121492,3,0,20,1,11,NA,4.25,26,0.15,0,100,2,7,16,1.02,0.88,0.94,3,3,1
"321",2671,267,0,1,0,1,1,0,0,0,0,0,1,1,110992,0,6.5,20,3,19.5,NA,4.25,26,0.22,0,80,2,7,16,0.9,0.8,0.8,3,2,1
"322",2692,269,0,2,1,1,1,0,0,0,0,0,1,1,111892,0,2,10,3,10,NA,4.45,13,0.12,0,33,2,11,10,0.95,0.69,1.5,4,3,1
"323",2732,273,0,2,1,1,1,0,0,0,0,0,1,1,111792,0,2,14,4,13,NA,4.62,13,0.2,0,95,1,11,10,0.95,0.74,2.34,4,3,1
"324",2752,275,0,2,1,1,1,0,0,0,0,0,1,1,111492,0,4,4,4,10,NA,4.25,9,0.25,0,38,2,11,11,0.95,0.79,2.34,4,3,1
"325",2772,277,0,2,1,1,1,0,0,0,0,0,1,1,111492,0,2,15,3,12.5,NA,4.25,9,0.25,0,10,3,11,10,0.95,0.85,2.34,3,3,1
"326",2782,278,0,2,1,1,1,0,0,0,0,0,1,1,111392,0,3,4,3,8,NA,4.25,3,0.25,0,43,2,11,10,0.95,0.74,2.19,4,3,1
"327",2823,282,0,3,1,1,1,0,0,0,0,0,2,3,121492,2,2,14,3,12,NA,4.25,13,0.13,0,25,2,6,16,1.06,0.91,0.79,4,3,1
"328",2843,284,0,3,1,1,1,0,0,0,0,0,1,1,111692,1,5,23,4,20.5,NA,4.5,13,0.25,1,88,2,6,16,1.02,0.91,0.91,5,4,1
"329",2853,285,0,3,1,1,1,0,0,0,0,0,1,1,111292,1,3,25,3,18.5,NA,4.75,4,0.25,0,70,2,6,16,1.02,0.91,0.8,4,2,1
"330",2863,286,0,3,1,1,1,0,0,0,0,0,1,1,111692,4,1,15,3,11.5,NA,4.75,13,0.25,0,66,2,10,11.5,1.12,NA,0.95,2,1,1
"331",2873,287,0,3,1,1,1,0,0,0,0,0,1,1,111292,2,3,18,3,15,NA,4.5,13,0.17,0,70,2,6,16,1.06,0.91,0.95,5,3,1
"332",2883,288,0,3,1,1,1,0,0,0,0,0,1,1,111292,3,0,20,3,13,NA,4.75,NA,0.25,0,15,2,6,16,1.02,0.95,0.95,6,4,1
"333",2893,289,0,3,1,1,1,0,0,0,0,0,1,1,111292,2,2,12,2,10,NA,4.25,13,0.2,0,50,2,6,16,1.02,0.95,0.95,5,3,1
"334",2904,290,0,4,0,1,1,0,0,0,0,0,1,1,111392,1,8,12,3,17,NA,4.75,26,0.1,0,35,3,10.5,12.5,0.95,0.89,0.95,2,2,1
"335",2914,291,0,4,0,1,1,0,0,0,0,0,1,1,111392,0,4,20,3,17,NA,4.55,16,0.12,0,25,1,10.5,11.5,0.95,0.86,0.95,2,2,1
"336",2924,292,0,4,0,1,1,0,0,0,0,1,1,1,111392,2,10,15,3,20.5,NA,4.8,26,0.12,0,2,1,7,16,0.95,0.92,0.95,2,1,1
"337",2951,295,0,1,0,1,0,0,1,0,0,0,2,1,121592,3,8,9,3,15.5,NA,4.75,26,0.12,0,100,2,6.5,16.5,1.06,0.95,0.95,3,3,0
"338",2971,297,0,1,1,1,0,0,1,0,0,0,1,1,111792,1,9,15,3,19.5,NA,4.25,13,0.05,0,100,2,7,16,1.06,0.91,0.98,3,3,1
"339",3033,303,0,3,1,1,0,0,1,0,0,0,1,1,111692,0,10,35,3,30.5,NA,4.35,26,0.27,1,28,2,6,17,1.12,1,1.02,6,5,1
"340",3043,304,0,3,0,1,0,0,1,0,0,0,1,1,111292,3,10,20,3,23,NA,4.5,26,0.37,0,50,2,6,17,1.27,1.27,2.24,5,3,1
"341",3053,305,0,3,1,1,0,0,1,0,0,0,1,1,111792,2,0,20,3,13,NA,4.39,NA,NA,0,NA,2,6,17,1.27,1.27,1.06,5,4,1
"342",3073,307,0,3,1,1,0,0,1,0,0,0,1,1,111892,0,17.5,17.5,4,30.25,NA,4.25,15,0.5,0,90,2,6,18,1.19,1.19,1.06,5,5,1
"343",3104,310,0,4,0,1,0,0,1,0,0,0,1,1,111392,2,0,28,4,18,NA,4.25,13,0.25,1,61,2,10.5,11.5,0.91,0.91,1.94,2,1,1
"344",3121,312,0,1,0,1,1,0,0,0,0,1,1,1,110992,3,4,6,3,10,NA,4.25,10,0.22,0,100,1,8,11,1.22,1.06,0.93,3,1,1
"345",3131,313,0,1,0,1,1,0,0,0,0,1,1,1,110992,0,11,9,4,19.5,NA,4.5,4,0.25,0,80,1,7,15,1.06,0.93,0.94,3,2,0
"346",3141,314,0,1,0,1,1,0,0,0,0,1,1,1,110992,8,8,12,3,17,NA,4.62,4,0.25,0,80,1,7,15,1.06,0.95,0.91,3,2,1
"347",3161,316,0,1,1,1,1,0,0,0,0,1,1,1,111692,0,15,15,3,25.5,NA,4.62,8,0.25,0,10,2,7,16,1.06,0.92,0.87,3,2,1
"348",3171,317,0,1,0,1,1,0,0,0,0,1,1,1,111792,3,0,8,2,6,NA,4.25,13,0.17,0,100,1,8,12,1.22,0.93,0.96,3,1,1
"349",3182,318,0,2,0,1,1,0,0,0,0,1,1,1,111292,3,5,7,3,11.5,NA,4.75,13,0.25,1,36,2,11,12,1.23,0.98,2.61,3,3,1
"350",3192,319,0,2,0,1,1,0,0,0,0,1,1,1,111292,2,0,11,3,8.5,NA,4.62,2.5,0.12,1,NA,2,10.5,12.5,1.06,0.85,3.95,NA,NA,1
"351",3223,322,0,3,1,1,1,0,0,0,0,1,1,1,111692,0,8,13,4,18.5,NA,4.75,13,0.15,0,25,2,6,16,1.06,1.06,1.02,6,2,1
"352",3253,325,0,3,1,1,1,0,0,0,0,1,1,1,111692,0,4,15,4,15.5,NA,4.5,10,0.25,0,50,2,6,15,1.09,1.06,0.79,6,3,1
"353",3331,333,0,1,0,1,0,1,0,0,0,0,1,1,110992,0,2,16.5,4,14.25,NA,4.25,13,0.2,0,100,2,7,15,1.02,0.88,0.82,4,NA,1
"354",3361,336,0,1,0,1,1,0,0,0,0,0,1,1,110992,2,28,12,4,38,NA,4.5,4,0.2,0,80,2,7,15,1.02,0.91,0.93,3,2,1
"355",3371,337,0,1,1,1,1,0,0,0,0,0,1,1,110992,0,5,29.5,5,24.75,NA,4.87,NA,0.3,0,90,3,7,17,1.06,0.93,0.93,4,3,1
"356",3391,339,0,1,1,1,1,0,0,0,0,0,1,1,111692,2,18,6,2,23,NA,4.25,26,0.37,0,70,3,7,16,1.06,0.85,0.95,3,3,1
"357",3401,340,0,1,0,1,1,0,0,0,0,0,1,1,111692,3,6,30,3,24,NA,4.25,26,0.1,0,30,2,7.5,14.5,0.96,0.95,0.85,5,4,1
"358",3412,341,0,2,1,1,1,0,0,0,0,0,1,1,111492,0,2,7,2,7.5,NA,4.62,4,0.25,0,33,1,11,9.5,0.95,0.74,2.34,3,3,1
"359",3432,343,0,2,1,1,1,0,0,0,0,0,1,1,111892,0,10,6,2,15,NA,4.75,26,0.25,0,43,2,11,10.5,0.95,0.74,2.34,4,3,1
"360",3462,346,0,2,1,1,1,0,0,0,0,0,1,1,111292,0,2,10.5,2,9.25,NA,4.25,19,0.2,0,NA,2,11,10,0.95,NA,NA,4,3,1
"361",3483,348,0,3,1,1,0,1,0,0,0,0,2,3,121892,0,3,10.5,3,11.25,NA,4.25,13,0.2,0,75,2,10.5,10.5,1.02,1.06,0.95,3,2,1
"362",3503,350,0,3,1,1,1,0,0,0,0,0,1,1,111892,0,8,9,4,16.5,NA,4.75,13,0.37,0,60,2,6,16,1.06,0.91,1.12,5,NA,1
"363",3513,351,0,3,1,1,1,0,0,0,0,0,1,1,111792,1,2,27.5,3,18.75,NA,4.25,NA,NA,0,NA,2,6,16,1.02,0.9,0.95,4,3,1
"364",3523,352,0,3,1,1,0,0,1,0,0,0,2,5,122392,0,0,19,4,13.5,NA,4.75,8,0.25,0,50,2,10,11.5,1.12,0.91,0.99,2,2,0
"365",3533,353,0,3,1,1,1,0,0,0,0,0,2,1,121492,0,7.5,22.5,3,21.75,NA,4.37,13,0.22,0,90,2,6,16,1.07,0.85,0.95,5,3,0
"366",3554,355,0,4,0,1,0,1,0,0,0,0,1,1,111392,0,2,17,3,13.5,NA,4.87,26,0.15,1,100,1,10.5,11.5,0.95,0.92,0.95,2,2,1
"367",3591,359,0,1,1,1,1,0,0,0,0,0,1,1,111692,1,0,22,4,15,NA,4.25,26,0.17,0,100,2,7,15,1.02,0.85,0.82,3,3,1
"368",3601,360,0,1,0,1,1,0,0,0,0,0,1,1,111692,0,3,25,2,17.5,NA,4.25,13,0.15,1,100,2,7,15,1.06,0.84,0.89,3,3,1
"369",3611,361,0,1,0,1,1,0,0,0,0,0,1,1,110792,0,6,13,5,17.5,NA,4.25,26,0.22,0,100,2,7,16,1.02,0.91,0.85,3,3,1
"370",3622,362,0,2,0,1,1,0,0,0,0,0,1,1,111292,0,6,13,NA,NA,NA,4.25,13,0.66,1,100,2,10.5,12.5,1.06,0.81,2.45,5,3,0
"371",3632,363,0,2,0,1,1,0,0,0,0,0,1,1,111292,2,0,25,3,15.5,NA,4.25,18,0.18,0,75,2,10.5,12.5,1.06,0.8,2.45,4,3,1
"372",3642,364,0,2,0,1,1,0,0,0,0,0,1,1,111492,3,3.5,20,3,16.5,NA,4.25,13,0.12,1,NA,2,11,12,0.95,0.85,2.45,4,4,1
"373",3663,366,0,3,0,1,1,0,0,0,0,0,1,1,111892,3,2,17,3,13.5,NA,4.5,13,0.25,0,50,2,10.5,11.5,1.02,0.91,0.63,5,4,1
"374",3684,368,0,4,0,1,1,0,0,0,0,0,1,1,111392,1,0,20,3,13,NA,4.25,13,0.15,0,20,3,10.5,12.5,0.89,0.86,0.95,2,1,1
"375",3691,369,0,1,1,1,0,0,1,0,0,0,2,3,120992,1,0,15,4,11.5,NA,4.35,18,0.12,0,87,2,7,15,1.17,1.06,1.17,3,2,1
"376",3701,370,0,1,0,1,0,0,1,0,0,0,1,1,110792,0,20,11.5,3.3,29.05,NA,4.85,18,0.25,0,80,3,7,16,1.06,0.95,0.95,3,2,1
"377",3761,376,0,1,0,1,0,0,1,0,0,0,1,1,111792,3,4,10,4,13,NA,4.5,13,0.1,0,NA,2,8,14,0.95,0.95,0.96,8,4,1
"378",3771,377,0,1,0,1,0,0,1,0,0,0,1,1,110792,3,12,6,3,18,NA,4.25,26,0.15,1,90,2,8,14,1.06,0.95,0.95,3,2,1
"379",3791,379,0,1,0,1,0,0,1,0,0,0,1,1,111792,0,20,12,4,30,NA,4.62,26,0.17,0,30,3,7,16,1.06,1.06,0.95,3,2,1
"380",3801,380,0,1,0,1,0,0,1,0,0,0,1,1,110792,0,10,15,3,20.5,NA,4.5,52,0.2,0,50,3,7,16,1.06,0.95,0.95,3,2,1
"381",3831,383,0,1,0,1,0,0,1,0,0,0,1,1,111892,3,6,4,2,10,NA,4.5,26,0.25,0,30,1,7,16,1.15,0.95,0.95,2,2,1
"382",3841,384,0,1,0,1,0,0,1,0,0,0,1,1,110792,3,NA,NA,3,NA,NA,4.65,26,0.25,0,NA,2,7,16,1.06,0.95,0.95,3,2,0
"383",3851,385,0,1,0,1,0,0,1,0,0,0,2,1,120992,2,16,14,3,26,NA,4.25,NA,0.15,1,25,1,7,17,NA,NA,NA,3,2,1
"384",3861,386,0,1,0,1,0,0,1,0,0,0,1,1,111692,0,0,19,3,12.5,NA,4.25,39,0.25,0,NA,1,7,17,1.06,0.95,0.95,3,2,1
"385",3912,391,0,2,0,1,0,0,1,0,0,0,1,1,111492,3,15,5,2,19.5,NA,4.25,6,0.12,0,12,2,11,10,1.06,1.06,2.66,3,3,1
"386",3932,393,0,2,1,1,0,0,1,0,0,0,1,1,111792,4,4,10,3,12,NA,4.62,2,0.25,0,100,2,11,11,1.17,1.27,2.77,3,2,1
"387",3963,396,0,3,1,1,0,0,1,0,0,0,1,1,111192,1,24,16,4,36,NA,4.87,9,0.37,0,10,2,6,17,1.27,1.07,2.13,5,3,1
"388",3973,397,0,3,1,1,0,0,1,0,0,0,2,1,122892,2,4,28,3,21,NA,4.25,52,0.62,0,85,2,6,17,1.12,1.02,1.06,4,3,1
"389",3983,398,0,3,1,1,0,0,1,0,0,0,2,1,121092,1,14,13,4,24.5,NA,4.75,13,0.15,0,25,2,6,17,1.12,1.06,1.06,5,4,1
"390",3993,399,0,3,1,1,0,0,1,0,0,0,1,1,111192,0,13,8,3,20,NA,4.87,18,0.3,1,NA,2,6,17,1.27,1.04,1.12,7,3,1
"391",4003,400,0,3,1,1,0,0,1,0,0,0,1,1,111192,0,16,15,3,26.5,NA,4.5,39,0.5,0,50,3,6,17,1.2,1.06,1.06,5,5,1
"392",4013,401,0,3,0,1,0,0,1,0,0,0,1,1,111792,0,8,6,4,15,NA,4.25,13,0.17,1,18,2,7,16,1.12,1.02,1.02,6,4,1
"393",4023,402,0,3,1,1,0,0,1,0,0,0,1,1,111692,2,11,10,3,19,NA,4.75,26,0.25,0,20,2,6,16,1.12,1.02,1.06,4,2,1
"394",4053,405,0,3,1,1,0,0,1,0,0,0,1,1,111692,3,6,17,3,17.5,NA,4.32,26,0.12,0,57,2,6,17,1.12,1.02,1.06,7,4,1
"395",4101,410,0,1,0,1,0,0,1,0,0,0,1,1,111692,0,0,35,3,20.5,NA,4.25,26,0.1,0,NA,3,7,16,1.04,1.12,1.02,4,3,1
"396",4111,411,0,1,0,1,0,0,1,0,0,0,1,1,111692,1,0,36,3,21,NA,4.5,26,0.1,0,100,2,7,16,1.16,1.02,1.09,5,4,1
"397",4122,412,0,2,0,1,0,1,0,0,0,0,1,1,111292,0,0,17,2,10.5,NA,4.5,NA,0.37,0,18,1,11,11,1.06,1.02,2.34,5,2,1
"398",4131,413,0,1,0,1,0,0,1,0,0,0,1,1,110792,0,0,36,5,23,NA,4.25,9,0.5,0,100,1,6,17,1.12,1.02,1.06,4,3,1
"399",4141,414,0,1,0,1,0,0,1,0,0,0,1,1,111692,0,0,36,5,23,NA,4.25,26,NA,0,45,1,7,16,1.06,0.95,1.11,4,2,1
"400",4151,415,0,1,0,1,0,0,1,0,0,0,1,1,110792,0,8,32,5,29,NA,4.25,9,NA,1,65,2,7,16,1.06,0.91,0.98,5,3,1
"401",4171,417,0,1,1,1,0,0,1,0,0,0,1,1,110992,0,4,28,3,21,NA,4.25,13,0.2,1,90,2,7,16,1.05,0.94,1.07,4,4,1
"402",4181,418,0,1,0,1,0,0,1,0,0,0,1,1,110992,2,30,15,4,41.5,NA,4.25,26,0.1,1,10,2,8,15,1.02,1.01,0.52,4,3,1
"403",4192,419,0,2,1,1,0,0,1,0,0,0,2,1,121592,4,3,10,4,12,NA,4.25,NA,0.5,0,15,2,11,11,1.06,0.85,2.34,4,4,1
"404",4212,421,0,2,1,1,0,0,1,0,0,0,1,1,111792,3,20,10,8,33,NA,4.62,4,0.37,0,10,2,10.5,13,1.06,0.85,2.34,4,2,1
"405",4222,422,0,2,0,1,0,0,1,0,0,0,1,1,111492,2,0,7,3,6.5,NA,4.75,NA,0.25,0,NA,2,10,11,1.06,0.85,2.34,4,2,1
"406",4232,423,0,2,1,1,0,0,1,0,0,0,1,1,111492,3,2,10,2,9,NA,4.95,13,0.5,1,33,1,11,12,1.06,0.85,2.34,3,2,1
"407",4242,424,0,2,1,1,0,0,1,0,0,0,1,1,111792,0,3.5,6.5,3,9.75,NA,4.75,13,0.25,0,45,1,11,11,1.06,0.85,2.34,5,3,1
"408",4263,426,0,3,1,1,0,0,1,0,0,0,1,1,111192,0,3,33,5,24.5,NA,4.25,26,0.15,0,75,2,5,19,1.18,1.02,1.06,5,3,1
"409",4274,427,0,4,0,1,0,0,1,0,0,0,2,1,121792,3,7,8,3,14,NA,4.75,13,0.1,0,40,2,10.5,12.5,1.06,0.98,2.03,2,2,1
"410",4284,428,0,4,0,1,0,0,1,0,0,0,1,1,111392,2,0,33,3,19.5,NA,4.62,13,0.12,0,100,2,10.5,12.5,1.06,0.98,1.06,2,2,1
"411",461,46,1,1,0,0,0,0,0,1,0,0,1,1,111792,1,3.5,35,3,24,-16.5,4.3,26,0.08,1,NA,2,6.5,16.5,1.03,NA,0.94,4,4,1
"412",492,49,1,2,0,0,0,0,0,1,0,0,1,1,111292,NA,0,15,4,11.5,-2.25,4.45,13,0.05,0,NA,2,10,13,1.01,0.89,2.35,4,4,1
"413",5062,506,1,2,1,0,0,0,0,1,0,0,1,1,111292,NA,3,7,4,10.5,2,5,19,0.25,NA,NA,1,11,11,0.95,0.74,2.33,4,3,1
"414",564,56,1,4,1,0,0,0,0,1,0,0,1,1,111492,NA,0,36,2,20,-14,5.25,26,0.15,0,NA,2,10,12,0.92,0.79,0.87,2,2,1
"415",614,61,1,4,1,0,0,0,0,1,0,0,1,1,111492,NA,28,3,6,35.5,11.5,4.75,13,0.15,0,NA,2,10,12,1.01,0.84,0.95,2,2,1
"416",624,62,1,4,1,0,0,0,0,1,0,0,1,1,111492,NA,NA,NA,NA,NA,NA,NA,26,NA,0,NA,2,10,12,NA,0.84,1.79,3,3,0
"417",4451,445,1,1,0,0,0,0,0,0,1,0,1,1,110792,NA,15,18,5,29,-41.5,4.75,26,0.15,0,NA,2,6,18,1.04,0.86,0.94,3,3,1
"418",4511,451,1,1,0,0,0,0,0,0,1,0,1,1,111792,2,26,9,6,36.5,13,5,26,0.2,0,NA,2,0,24,1.11,0.84,0.94,6,3,1
"419",4552,455,1,2,1,0,0,0,0,0,1,0,1,1,111292,NA,3,12,2,11,0,5,13,0.25,0,NA,2,11,11,0.94,0.84,2.32,4,3,1
"420",4582,458,1,2,1,0,0,0,0,1,0,0,1,1,111792,1,2,9,2,8.5,-0.5,5,13,0.25,0,NA,1,11,10.5,0.9,0.73,2.32,4,3,1
"421",4623,462,1,3,1,0,0,0,0,0,1,0,2,1,122292,1,1,25,4,17.5,2,4.75,13,0.2,0,NA,2,9,12,1.01,1.01,0.89,6,3,1
"422",4681,468,1,1,0,0,0,0,0,0,1,0,1,1,110792,NA,9,32,4,29,-29,5,26,0.13,1,NA,2,6,18,0.97,0.84,0.86,4,3,1
"423",4691,469,1,1,0,0,0,0,0,0,1,0,1,1,111692,1,7,39,4,30.5,4,4.5,41,0.23,0,NA,2,6,18,0.92,0.81,0.87,3,3,1
"424",4701,470,1,1,0,0,0,0,0,0,1,0,1,1,111792,2,18,10,3,26,-2.5,4.75,13,0.15,1,NA,2,6,18,1.03,0.84,0.94,3,2,1
"425",4741,474,1,1,0,0,0,0,0,0,1,0,2,1,122292,1,5,20,3,18,4.5,4.5,NA,0,0,NA,2,8.5,13,1.09,0.94,0.94,3,2,1
"426",4812,481,1,2,1,0,0,0,0,0,1,0,1,1,111792,2,15,4,3,20,3.25,5,26,0.25,1,NA,2,11,11,0.74,0.73,2.53,3,3,1
"427",4832,483,1,2,1,0,0,0,0,0,1,0,1,1,111292,NA,4,13,3,13.5,4,4.75,13,0.18,0,NA,1,11,11,0.95,0.74,2.33,4,3,1
"428",4873,487,1,3,1,0,0,0,0,0,1,0,1,1,111192,NA,6,20,3,19,4,4.75,26,0.1,0,NA,2,10.5,11,1.05,1.01,0.94,6,1,1
"429",4883,488,1,3,0,0,0,0,0,0,1,0,1,1,111192,NA,5,15,3,15.5,-14,4.75,26,0.13,0,NA,2,7,15,1.01,1.01,0.94,5,3,1
"430",4893,489,1,3,0,0,0,0,0,0,1,0,1,1,111892,2,2,19,3,14.5,-4,4.25,26,0.13,0,NA,2,10,11.5,1.01,1.01,1.05,6,3,1
"431",4903,490,1,3,1,0,0,0,0,0,1,0,1,1,111692,1,2,18,3,14,-6.25,5,26,0.28,0,NA,2,6,16,1.01,1.01,1.05,5,3,1
"432",4933,493,1,3,1,0,0,0,0,1,0,0,1,1,111192,NA,0,30,4,19,-17,4.9,13,0.25,0,NA,2,6,16,1.02,1.01,0.84,3,3,1
"433",4953,495,1,3,0,0,0,0,0,0,1,0,1,1,111192,NA,8,20,3,21,0,5,26,0.25,1,NA,2,6,16,0.96,1.01,1.01,5,3,1
"434",4963,496,1,3,1,0,0,0,0,0,1,0,1,1,111192,NA,10,10,3,18,-2.5,4.75,19,0.18,0,NA,2,6,16,1.01,1.01,0.89,NA,NA,1
"435",4994,499,1,4,1,0,0,0,0,0,1,0,1,1,111492,1,0,31,5,20.5,1.5,5,26,0.1,1,NA,2,10,12,0.9,0.69,0.94,2,2,1
"436",5093,509,1,3,1,0,0,0,0,0,1,0,1,1,111192,NA,5.5,10,3,13.5,-0.5,4.25,26,0.2,0,NA,2,6.5,15.5,1,1.01,0.94,3,2,1
"437",5153,515,1,3,1,0,0,0,0,0,1,0,1,1,111192,NA,5,19,3,17.5,-1.5,4.75,13,0.18,0,NA,2,6,16,1.01,1.01,0.94,5,4,1
"438",371,37,1,1,0,0,0,0,0,1,0,0,1,1,111092,NA,6,25,7,25.5,-7,4.25,52,0.18,0,NA,2,6.5,16.5,0.98,0.84,0.86,6,3,1
"439",391,39,1,1,0,0,0,0,0,1,0,0,1,1,111792,NA,5,15,3,15.5,-3.5,NA,NA,NA,0,NA,2,6.5,16.5,1.05,NA,0.63,4,2,1
"440",401,40,1,1,0,0,0,0,0,1,0,0,1,1,111092,NA,7,25,6,25.5,-1.5,4.25,8,0.13,0,NA,2,6.5,17.5,0.98,0.82,0.87,3,2,1
"441",411,41,1,1,0,0,0,0,0,1,0,0,1,1,111892,2,0,42,6,27,7.5,4.25,NA,NA,0,NA,2,6.5,17.5,0.94,0.78,0.91,3,2,1
"442",421,42,1,1,0,0,0,0,0,1,0,0,1,1,111792,1,0,22,5,16,-8,4.25,26,0.25,0,NA,2,6.5,16.5,0.94,NA,NA,3,2,1
"443",451,45,1,1,0,0,0,0,0,1,0,0,1,1,111092,NA,11,12,2,19,1,4.25,26,0.15,0,NA,3,6.5,17.5,0.98,0.75,0.86,3,3,1
"444",471,47,1,1,0,0,0,0,0,1,0,0,1,1,111092,NA,0,45,2,24.5,NA,4.25,NA,NA,0,NA,2,6,18,1.05,0.86,0.86,3,NA,0
"445",481,48,1,1,0,0,0,0,0,1,0,0,1,1,111092,NA,7.5,25,5,25,6,4.38,13,0.25,1,NA,3,7,14,0.98,0.79,0.87,4,3,1
"446",502,50,1,2,0,0,0,0,0,1,0,0,1,1,111292,NA,4,20,3,17,3,4.75,13,0.1,0,NA,2,10,13,1.01,0.89,2.35,4,3,1
"447",512,51,1,2,0,0,0,0,0,1,0,0,1,1,111792,2,6,15,3,16.5,6,4.25,NA,NA,0,NA,2,10,13,1,0.89,2.35,5,3,1
"448",574,57,1,4,1,0,0,0,0,1,0,0,1,1,111492,1,7,18,4,20,-18,4.5,26,0.13,1,NA,2,10,12,1.01,0.78,0.9,2,2,1
"449",584,58,1,4,1,0,0,0,0,1,0,0,1,1,111492,2,0,28,4,18,-5.5,4.5,26,0.08,1,NA,2,10,12,1.04,0.84,0.94,2,2,1
"450",594,59,1,4,0,0,0,0,0,1,0,0,1,1,111492,1,0,16,4,12,1.5,4.25,26,0.1,0,NA,1,7.5,10.5,1.01,0.84,0.86,2,2,1
"451",604,60,1,4,0,0,0,0,0,1,0,0,1,1,111792,2,10,20,5,25,0,4.25,4,0.25,0,NA,1,10,12,0.98,0.84,0.86,2,2,1
"452",4072,407,1,2,1,0,0,0,0,0,1,0,1,1,111492,NA,1,14,3,11,0,4.25,4,0.3,0,NA,1,11,11,0.95,0.84,2.53,4,3,1
"453",4301,430,1,1,0,0,0,0,0,1,0,0,1,1,110792,NA,0,48,3,27,-9.5,4.25,26,0.13,0,NA,2,7,16,0.91,0.73,0.75,3,3,1
"454",4321,432,1,1,0,0,0,0,0,1,0,0,1,1,110792,1,25,10,4,34,-18.5,5.05,26,0.2,0,NA,2,7,16,0.94,0.74,0.79,3,1,1
"455",4331,433,1,1,0,0,0,0,0,1,0,0,2,1,123092,6,0,42,4,25,-4,NA,NA,NA,0,NA,2,7,16,0.94,0.74,0.74,3,3,1
"456",4341,434,1,1,0,0,0,0,0,1,0,0,1,1,111692,NA,19,29,4,37.5,-7.5,4.25,NA,NA,0,NA,2,7,16,0.95,0.8,0.8,3,3,1
"457",4351,435,1,1,0,0,0,0,0,1,0,0,1,1,110792,NA,0,32,5,21,-1.75,4.25,6,0.15,1,NA,2,6.5,15.5,0.94,0.74,0.79,3,2,1
"458",4382,438,1,2,0,0,0,0,0,1,0,0,1,1,111292,NA,2,9,3,9.5,2,4.25,52,0.05,0,NA,2,11,9,0.95,0.84,2.43,2,1,1
"459",4404,440,1,4,0,0,0,0,0,1,0,0,1,1,111392,NA,0,30,3,18,2.5,NA,NA,NA,0,NA,2,10.5,11.5,1,0.8,1.8,2,2,1
"460",4414,441,1,4,0,0,0,0,0,1,0,0,1,1,111392,NA,0,30,3,18,-20,4.25,4,0.25,0,NA,2,10.5,11.5,1,0.8,1.81,2,2,1
"461",4434,443,1,4,0,0,0,0,0,1,0,0,1,1,111392,NA,5,20,4,19,1.5,4.35,17,0.18,0,NA,2,10.5,11.5,1,0.8,1.81,2,2,1
"462",4444,444,1,4,0,0,0,0,0,1,0,0,1,1,111392,NA,10,35,4,31.5,6.5,4.5,4,0.3,0,NA,2,10.5,11.5,0.89,NA,0.79,2,2,1
"463",4461,446,1,1,0,0,0,0,0,0,1,0,1,1,110792,NA,7,24,4,23,NA,5,4,0.25,1,NA,2,6,18,0.97,0.84,0.91,4,3,0
"464",4481,448,1,1,0,0,0,0,0,0,1,0,1,1,111892,1,8,27,3,24.5,3.5,4.5,13,0.25,0,NA,2,6,18,0.96,0.83,0.87,3,3,1
"465",4491,449,1,1,0,0,0,0,0,0,1,0,1,1,110792,NA,15,15,5,27.5,12,5,52,0.25,0,NA,2,6,18,0.97,0.84,0.73,3,3,1
"466",4501,450,1,1,0,0,0,0,0,0,1,0,1,1,111892,2,27.5,8,3,34.5,19,4.75,13,0.25,1,NA,2,6,18,0.91,0.84,0.86,3,3,1
"467",4542,454,1,2,1,0,0,0,0,0,1,0,1,1,111292,NA,0,18,5,14,5.5,5,13,0.25,0,NA,1,11,11,0.94,0.73,2.64,4,3,1
"468",4593,459,1,3,1,0,0,0,0,0,1,0,2,1,122292,1,0,20,5,15,-3,4.35,28,0.15,1,NA,2,7,15,1.01,1.01,0.89,4,2,1
"469",4664,466,1,4,0,0,0,0,0,0,1,0,1,1,111892,5,14,12,3,23,2.25,NA,52,NA,0,NA,1,10.5,11.5,0.94,NA,NA,2,2,1
"470",4711,471,1,1,0,0,0,0,0,0,1,0,1,1,111692,NA,12,23,3,26.5,-12.5,4.25,26,0.15,0,NA,2,6,18,0.97,0.86,0.91,3,1,1
"471",4721,472,1,1,0,0,0,0,0,0,1,0,1,1,110792,NA,8,25,3,23.5,-18,4.9,13,0.18,0,NA,2,6,17,0.96,0.84,0.91,3,3,1
"472",4731,473,1,1,0,0,0,0,0,0,1,0,1,1,111792,1,26,15,2,35.5,13,4.5,19,0.13,0,NA,2,6,17,0.97,0.84,0.86,3,3,1
"473",4751,475,1,1,0,0,0,0,0,0,1,0,1,1,110792,NA,10,16,3,21,-11,4.5,26,0.15,0,NA,1,7,15,1.02,0.94,0.9,3,3,1
"474",4761,476,1,1,0,0,0,0,0,1,0,0,1,1,111792,1,5,30,3,23,-1,4.75,52,0.2,0,NA,2,6,18,0.96,0.84,1.18,3,3,1
"475",4771,477,1,1,0,0,0,0,0,0,1,0,1,1,110792,NA,6,20,4,20,-6,6.25,26,0.5,0,NA,2,6,17,0.96,0.84,0.89,3,3,1
"476",4781,478,1,1,0,0,0,0,0,1,0,0,2,1,122292,1,8,30,4,27,-21.5,4.35,13,0.25,0,NA,2,6,18,1.01,0.88,0.91,3,2,1
"477",4852,485,1,2,1,0,0,0,0,0,1,0,1,1,111292,NA,4,12,3,13,4.5,4.5,19,NA,0,NA,2,11,11,1.01,0.73,2.32,4,3,1
"478",4913,491,1,3,0,0,0,0,0,0,1,0,2,3,123092,3,0,0,0,0,-18.5,NA,NA,NA,NA,NA,NA,NA,NA,NA,NA,NA,NA,NA,1
"479",4923,492,1,3,1,0,0,0,0,0,1,0,1,1,111192,NA,4,15,2,13.5,0.5,4.5,19,0.1,0,NA,2,9,12.5,1.11,1.11,1.05,2,1,1
"480",4974,497,1,4,1,0,0,0,0,0,1,0,1,1,111392,NA,NA,NA,5,NA,NA,NA,NA,NA,0,NA,2,10,12,1.01,0.9,0.79,2,2,0
"481",4984,498,1,4,1,0,0,0,0,0,1,0,1,1,111792,2,21,5.5,3,26.75,-1.25,5,26,NA,1,NA,2,10,12,0.98,0.84,0.9,2,2,1
"482",5011,501,1,1,0,0,0,0,0,0,1,0,1,1,111792,2,30,15,6,43.5,19,4.75,4,0.35,1,NA,1,6,18,1.03,0.91,0.91,3,3,1
"483",5031,503,1,1,0,0,0,0,0,0,1,0,1,1,110792,NA,35,6.5,3,41.25,22.75,4.5,13,0.15,0,NA,2,6,18,0.97,0.84,1,3,3,1
"484",5103,510,1,3,1,0,0,0,0,0,1,0,1,1,111892,2,2.5,17.5,3,14.25,-9.25,NA,13,NA,1,NA,2,7,15,1.05,1.01,NA,5,3,1
"485",5113,511,1,3,1,0,0,0,0,0,1,0,1,1,111192,NA,3,13,3,12.5,-2.5,4.75,NA,NA,0,NA,2,7,15,1.01,1.01,0.89,6,2,1
"486",5143,514,1,3,0,0,0,0,0,0,1,0,1,1,111192,1,23,16,3,34,16,4.25,10,0.2,0,NA,2,6,16,0.95,0.95,1.05,6,4,1
"487",5163,516,1,3,1,0,0,0,0,0,1,0,1,1,111692,NA,2,12,2,10,-10.25,4.91,14,0.18,1,NA,2,8,14,1.01,0.95,0.89,5,3,1
"488",5211,521,1,1,0,0,0,0,0,1,0,0,1,1,110792,NA,0,12,8,14,-1.5,4.4,13,0.13,1,NA,2,7,16,0.41,0.84,0.89,4,2,1
"489",5221,522,1,1,0,0,0,0,0,1,0,0,1,1,110792,NA,3,23,3,17.5,-3.5,4.25,26,0.15,0,NA,3,7,16,1,0.74,0.95,3,3,1
"490",1131,113,1,1,0,1,0,1,0,0,0,0,1,1,111092,NA,2,40,5,27,12,5.05,26,0.28,1,NA,2,7,16,1.05,0.9,0.98,3,2,1
"491",1231,123,1,1,0,1,0,1,0,0,0,0,1,1,111092,NA,5,25,4,21.5,6.5,5.05,26,0.15,0,NA,3,7.5,14,1.05,0.94,1,3,2,1
"492",1353,135,1,3,0,1,0,1,0,0,0,0,1,1,111692,NA,8,24,3,23,-1,5.05,NA,0.25,0,NA,2,10,11.5,1.16,1.06,1.05,5,3,1
"493",1383,138,1,3,1,1,0,0,1,0,0,0,1,1,111692,NA,2,33,3,21.5,2.25,5.05,26,0.2,0,NA,2,10,11.5,1.21,1.01,0.94,6,4,1
"494",1531,153,1,1,0,1,0,0,1,0,0,0,1,1,111092,NA,26.5,10,3,34.5,13,5.05,26,0.15,0,NA,2,7,17,1.05,0.95,0.95,3,2,1
"495",1812,181,1,2,0,1,0,0,1,0,0,0,1,1,111192,NA,1,15,2,10.5,1,5.05,NA,0.25,0,NA,1,10.5,11,0.95,0.9,2.49,3,2,1
"496",1914,191,1,4,0,1,0,0,1,0,0,0,1,1,111792,1,0,25,4,16.5,-27.5,5.05,6,0.25,1,NA,2,10.5,12,1.02,0.94,1.05,2,2,1
"497",2311,231,1,1,0,1,0,0,1,0,0,0,1,1,111092,NA,16,6,4,23,NA,5.05,4,0.25,0,NA,1,7,16,0.9,0.95,0.95,3,1,0
"498",2361,236,1,1,0,1,0,0,1,0,0,0,1,1,111792,2,23,22,4,38,17,5.05,8,0.28,1,NA,1,7,18,1.1,1.01,0.99,4,3,1
"499",2544,254,1,4,0,1,1,0,0,0,0,1,1,1,111492,1,28,10,3,36,8,5.25,8,0.2,1,NA,1,7,15,1,0.85,1.05,2,2,1
"500",2554,255,1,4,0,1,1,0,0,0,0,0,1,1,111392,NA,8,12,2,16,6,NA,52,0.14,0,NA,1,7,14,1,0.85,2.11,2,2,1
"501",2941,294,1,1,0,1,0,0,1,0,0,0,1,1,110992,NA,0,35,3,20.5,0,5.05,26,0.2,0,NA,2,7,16,1.05,0.94,0.94,3,2,1
"502",3063,306,1,3,1,1,0,0,1,0,0,0,1,1,111792,1,6,20,3,19,-6.5,5.05,26,0.23,0,NA,2,6,18,1.11,1.05,1.05,NA,2,1
"503",3114,311,1,4,0,1,0,0,1,0,0,0,1,1,111392,NA,35,30,3,53,34,5.05,NA,0.2,0,NA,2,10.5,11.5,1.01,0.95,1.05,2,2,1
"504",3151,315,1,1,0,1,1,0,0,0,0,0,1,1,110992,NA,4.5,20,2,16.5,0,5.05,8,0.08,0,NA,2,7,16,1.05,0.84,0.87,3,2,1
"505",3351,335,1,1,1,1,1,0,0,0,0,0,1,1,111892,3,7,13,3,16.5,-0.5,5.05,26,0.13,0,NA,1,6,17,1.05,0.94,0.94,5,2,1
"506",3721,372,1,1,1,1,0,0,1,0,0,0,1,1,111792,1,30,20,5,45,17.5,5.05,8,0.08,0,NA,2,6.5,18.5,1.06,1.05,1.04,4,3,1
"507",63,6,1,3,1,1,0,1,0,0,0,0,1,1,111792,1,5,2,2,8,3,5.05,13,0.15,0,NA,1,10,8,1.11,1.01,2.23,4,2,1
"508",142,14,1,2,0,1,0,1,0,0,0,0,1,1,110592,NA,4,17,3,15.5,-0.5,5.05,13,0.25,1,NA,2,11,11,1.05,0.94,2.6,6,3,1
"509",261,26,1,1,0,1,0,0,1,0,0,0,1,1,111792,2,10,20,4,24,-17.5,5.05,NA,NA,0,NA,2,7,16,1.01,0.94,0.94,5,4,1
"510",272,27,1,2,1,1,0,1,0,0,0,0,1,1,111292,NA,0,7,4,7.5,-5.5,5.05,26,0.25,0,NA,1,11,10,1.05,0.84,2.53,4,3,1
"511",302,30,1,2,0,1,0,0,1,0,0,0,1,1,111292,NA,4,3,2,7.5,-2.5,5.05,19,0.25,1,NA,1,11,10,0.94,0.92,2.69,2,2,1
"512",312,31,1,2,0,1,0,1,0,0,0,0,1,1,111492,3,6,15,5,18.5,3.5,5.05,26,0.25,0,NA,1,10.5,12.5,1,1.05,2.64,4,4,1
"513",333,33,1,3,0,1,0,0,1,0,0,0,1,1,111392,NA,6,11,5,16.5,-9.5,5.05,NA,0.2,0,NA,2,6,17,1.11,1.06,1.05,4,2,1
"514",364,36,1,4,0,1,0,1,0,0,0,0,1,1,111492,NA,10,35,6,33.5,15.5,5.05,26,0.15,1,NA,2,10.5,12.5,0.95,0.89,1.19,2,2,1
"515",773,77,1,3,0,1,0,0,1,0,0,0,1,1,111992,4,4,60,3,37,2,5.05,52,0.15,0,NA,2,6,19,1.06,1.06,1.05,6,2,1
"516",783,78,1,3,1,1,0,0,1,0,0,0,1,1,111392,NA,10,12,2,18,-3,5.05,26,0.1,0,NA,2,7,16,1.11,1.01,1.05,5,3,1
"517",814,81,1,4,0,1,0,0,1,0,0,0,2,1,121592,3,0,45,4,26.5,-8,5.05,NA,NA,1,NA,2,10.5,11.5,1.11,0.98,2.07,2,1,1
"518",824,82,1,4,0,1,0,0,1,0,0,0,1,1,111492,NA,25,8,4,33,14.75,5.05,13,0.18,1,NA,2,10.5,13.5,1.11,0.98,1.05,2,2,1
"519",834,83,1,4,0,1,0,0,1,0,0,0,1,1,111792,2,NA,NA,4,NA,NA,5.05,26,0.5,0,NA,2,10,14,1.11,0.89,0.99,2,2,0
"520",851,85,1,1,0,1,0,1,0,0,0,1,1,1,111692,NA,0,35,3,20.5,0.5,5.05,26,0.18,0,NA,1,9,12.5,1.11,1.01,1.05,5,1,1
"521",891,89,1,1,1,1,0,1,0,0,0,0,1,1,111092,NA,6,25,6,24.5,8.5,5.5,4,0.63,0,NA,2,7,16,1.11,1.01,1.05,3,3,1
"522",942,94,1,2,0,1,0,1,0,0,0,0,1,1,111292,NA,2,20,4,16,-1.5,5.05,52,0.25,0,NA,1,11,10,1.05,0.79,2.53,3,NA,1
"523",1034,103,1,4,0,1,0,0,1,0,0,0,1,1,111492,2,NA,NA,2,NA,NA,5.05,13,NA,0,NA,2,10.5,12.5,1.05,0.84,1.26,2,2,0
"524",1124,112,1,4,0,1,0,0,1,0,0,0,2,1,121392,9,5,25,6,23.5,3.5,5.05,28,0.18,0,NA,2,10.5,12.5,1.11,1.09,2.07,NA,NA,1
"525",1282,128,1,2,1,1,0,1,0,0,0,0,1,1,111492,1,3,16,2,13,0.75,5.05,26,0.25,0,NA,1,11,11,1.05,0.79,2.32,3,2,1
"526",1293,129,1,3,0,1,0,1,0,0,0,0,1,1,111392,NA,7,18,4,20,-13,5.05,52,0.25,0,NA,2,6,16,1.11,1,0.89,4,3,1
"527",1313,131,1,3,0,1,0,1,0,0,0,0,2,1,121692,2,8,22,3,22,-9.5,5.05,NA,NA,0,NA,2,7,15,1.05,1.11,1.05,5,4,1
"528",1394,139,1,4,0,1,0,1,0,0,0,0,1,1,111492,NA,11,25,5,28.5,NA,5.5,19,0.25,1,NA,2,11,12,NA,NA,NA,NA,NA,0
"529",1434,143,1,4,0,1,0,1,0,0,0,0,2,4,121692,2,NA,NA,NA,NA,NA,NA,NA,NA,NA,NA,NA,NA,NA,NA,NA,NA,NA,NA,0
"530",1444,144,1,4,0,1,0,1,0,0,0,0,1,1,111792,1,4,37,3,25.5,-2.5,5.05,26,0.35,1,NA,2,10.5,12.5,0.94,0.94,1.26,2,2,1
"531",1451,145,1,1,0,1,0,0,1,0,0,0,1,1,111092,NA,10,8,4,18,1.5,5.28,26,0.13,1,NA,2,7,16,1.05,0.96,0.95,3,2,1
"532",1471,147,1,1,0,1,0,0,1,0,0,0,1,1,111892,1,6,0,3,9,-5.75,5.25,13,0.38,0,NA,2,7,14,1.13,0.91,0.91,2,2,1
"533",1481,148,1,1,0,1,0,0,1,0,0,0,1,1,111092,NA,7.5,30,4,26.5,3,5.05,26,0.2,1,NA,2,7,17,1.05,0.94,0.94,3,3,1
"534",1511,151,1,1,0,1,0,0,1,0,0,0,2,3,123092,2,0,0,0,0,-10,NA,NA,NA,NA,NA,NA,NA,NA,NA,NA,NA,NA,NA,1
"535",1521,152,1,1,0,1,0,0,1,0,0,0,1,1,111092,NA,12,13.5,5,23.75,-22.75,5.05,13,0.28,0,NA,2,7,15,1.16,0.94,0.94,3,3,1
"536",1572,157,1,2,0,1,0,0,1,0,0,0,1,1,111792,2,12,8,2,18,2.5,5.5,26,0.25,0,NA,1,10.5,11,0.95,0.83,2.47,2,2,1
"537",1613,161,1,3,1,1,0,0,1,0,0,0,1,1,111992,4,26,12,4,36,11.5,5.05,NA,NA,0,NA,2,6,17,1.11,1.06,1.05,7,5,1
"538",1633,163,1,3,1,1,0,0,1,0,0,0,1,1,111292,NA,1.5,33,3,21,-3,5.05,26,0.15,0,NA,2,7,15,NA,NA,NA,NA,NA,1
"539",1643,164,1,3,1,1,0,0,1,0,0,0,1,1,111292,NA,5,15,3,15.5,-7.5,5.05,52,0.15,0,NA,2,6,17,1.11,1.06,1.05,5,3,1
"540",1654,165,1,4,0,1,0,0,1,0,0,0,1,1,111792,1,10,17,4,22.5,-5.5,5.05,14,0.13,0,NA,2,10.5,12.5,1.05,0.98,1.05,2,2,1
"541",1691,169,1,1,1,1,0,0,1,0,0,0,1,1,111692,NA,20,6,4,27,-5.5,5.05,52,0.15,0,NA,2,7,16,1.11,1.05,1.05,3,3,1
"542",1701,170,1,1,1,1,0,0,1,0,0,0,1,1,111092,NA,20,20,4,34,11,5.05,4,NA,0,NA,1,7,16,1.29,1.11,1.18,4,4,1
"543",1873,187,1,3,0,1,0,0,1,0,0,1,1,1,111292,NA,5,17.5,3,16.75,-0.25,5.05,13,0.2,0,NA,2,7,15,1.11,1.06,1.05,4,4,1
"544",1903,190,1,3,1,1,0,0,1,0,0,0,1,1,111292,NA,7,30,4,26,-4,5.05,26,0.18,0,NA,2,7,15,1.05,1.01,1.74,5,3,1
"545",1964,196,1,4,1,1,0,0,1,0,0,0,1,1,111392,NA,0,30,3,18,-3.5,5.05,26,0.18,0,NA,2,10.5,12.5,1,0.9,2.11,2,2,1
"546",1971,197,1,1,0,1,0,0,1,0,0,0,1,1,111792,1,5,21,5,20.5,-11.5,5.05,26,0.13,0,NA,3,7,17,1.05,0.95,0.95,3,1,1
"547",2341,234,1,1,0,1,0,0,1,0,0,0,1,1,111892,2,10,4,3,15,7,5.05,26,NA,0,NA,2,7,16,1.04,1.01,0.58,3,2,1
"548",2403,240,1,3,1,1,0,0,1,0,0,0,1,1,111692,1,15,15,3,25.5,-10,5.05,26,0.15,0,NA,2,6,17,1.1,1,1.05,6,4,1
"549",2413,241,1,3,0,1,0,0,1,0,0,0,1,1,111192,1,15,NA,4,NA,NA,5.05,26,0.1,0,NA,2,7,16,1.15,1.05,1.05,5,5,0
"550",2423,242,1,3,1,1,0,0,1,0,0,0,1,1,111192,NA,12,10,3,20,-13,5.05,8,0.2,1,NA,2,7,16,1.11,1.06,1.05,6,4,1
"551",2453,245,1,3,0,1,0,0,1,0,0,0,1,1,111792,3,8,12,4,18,-4,5.05,26,NA,0,NA,1,8.5,13,1.11,1.11,1.05,5,1,1
"552",2591,259,1,1,0,1,1,0,0,0,0,0,1,1,110992,NA,15,15,4,26.5,3.5,5.05,NA,NA,0,NA,2,7.5,14.5,1.05,NA,0.84,3,3,1
"553",2681,268,1,1,1,1,1,0,0,0,0,0,1,1,110992,NA,0,42.5,2,23.25,0.25,5.05,26,0.25,1,NA,2,7,15,0.94,0.78,0.84,4,4,1
"554",2712,271,1,2,1,1,1,0,0,0,0,0,1,1,111792,1,0,15,3,10.5,2,5.05,8,0.1,0,NA,2,11,12,0.9,0.73,2.28,4,3,1
"555",2722,272,1,2,1,1,1,0,0,0,0,0,1,1,111492,1,2,14,3,12,-0.5,5.25,26,0.2,0,NA,2,11,12,0.94,0.73,2.32,4,3,1
"556",2742,274,1,2,1,1,1,0,0,0,0,0,1,1,111392,NA,3,7,3,9.5,0,5.05,26,0.2,0,NA,1,11,11,NA,NA,2.32,NA,NA,1
"557",2762,276,1,2,1,1,1,0,0,0,0,0,1,1,111392,NA,5,15,3,15.5,2.5,5.05,26,0.28,0,NA,3,11,12,0.95,0.73,2.32,5,3,1
"558",2961,296,1,1,1,1,0,0,1,0,0,0,1,1,111892,3,4,9,6,14.5,-2.5,5.05,13,NA,0,NA,2,7,16,1.05,0.94,1,3,2,1
"559",2992,299,1,2,1,1,0,0,1,0,0,0,1,1,111792,1,6,12,2,14,5,5.05,13,0.25,0,NA,1,11,11.5,1.05,0.84,2.32,3,2,1
"560",3012,301,1,2,1,1,0,0,1,0,0,0,1,1,111492,1,2,7,1,6.5,-12.5,5.05,4,0.5,0,NA,2,11,10.5,0.94,0.84,2.32,3,2,1
"561",3202,320,1,2,0,1,1,0,0,0,0,1,1,1,111392,NA,4,6,3,10,-1.5,5.05,NA,NA,0,NA,1,11,11,1.05,0.84,2.43,4,3,1
"562",3212,321,1,2,0,1,1,0,0,0,0,1,1,1,111492,2,4,11,2,11.5,-1.5,5.05,13,0.15,0,NA,1,11,12,1.05,0.84,2.43,4,3,1
"563",3243,324,1,3,0,1,1,0,0,0,0,0,2,1,121892,4,22,39,5,46.5,-1.5,5.05,52,0.25,1,NA,2,0,24,1.22,1.05,1.05,5,2,1
"564",3263,326,1,3,1,1,1,0,0,0,0,1,1,1,111892,1,0,45,4,26.5,-19,5.05,NA,NA,0,NA,2,0,24,1.22,NA,1.05,4,2,1
"565",3304,330,1,4,0,1,1,0,0,0,0,1,1,1,111392,NA,3,20,3,16,1,5.67,52,0.25,0,NA,1,10.5,14.5,0.94,0.79,1.26,2,2,1
"566",3341,334,1,1,0,1,1,0,0,0,0,0,1,1,110992,NA,0,20,3,13,-5,5.05,26,0.18,NA,NA,3,9,12.5,0.9,0.9,0.85,3,2,1
"567",3493,349,1,3,1,1,1,0,0,0,0,0,1,1,111192,NA,0,20,4,14,-7,5.05,4,0.18,0,NA,2,7,15,1.01,1.01,0.94,3,3,1
"568",3544,354,1,4,0,1,1,0,0,0,0,0,1,1,111392,NA,9,7,3,15.5,-5,5.05,13,0.23,0,NA,1,10.5,10.5,1,0.85,0.94,2,2,1
"569",3564,356,1,4,0,1,1,0,0,0,0,0,1,1,111492,NA,0,28,4,18,-2.5,5.05,17,0.15,1,NA,1,10.5,11.5,1,0.85,1.05,2,2,1
"570",3574,357,1,4,0,1,0,0,1,0,0,0,1,1,111392,NA,21,6,3,27,9.5,5.25,13,0.25,0,NA,1,10.5,12.5,1,0.84,2.35,2,2,1
"571",3711,371,1,1,0,1,0,0,1,0,0,0,1,1,110792,NA,11,22,5,27,-0.5,5.25,26,NA,0,NA,3,7,16,NA,NA,NA,4,2,1
"572",3731,373,1,1,1,1,0,0,1,0,0,0,1,1,110792,NA,18,15,4,29.5,5.5,5.05,13,0.25,1,NA,2,6.5,15.5,1.1,0.94,1.02,6,5,1
"573",3751,375,1,1,0,1,0,0,1,0,0,0,1,1,111692,1,0,25,4,16.5,-17.5,5.5,26,0.1,1,NA,1,7,15,1.05,0.94,1.01,3,3,1
"574",3781,378,1,1,1,1,0,0,1,0,0,0,1,1,110792,NA,20,15,4,31.5,13.5,5.05,52,0.25,1,NA,2,6,19,1.05,0.99,1.03,6,4,1
"575",3811,381,1,1,0,1,0,0,1,0,0,0,1,1,111692,NA,15,15,5,27.5,3.5,5.05,8,0.47,1,NA,2,6.5,16.5,1.37,1.16,1.16,4,2,1
"576",4033,403,1,3,1,1,0,0,1,0,0,0,1,1,111892,3,11,23,3,25.5,NA,5.05,13,NA,1,NA,2,7,16,1.11,1.06,1.05,4,4,0
"577",4064,406,1,4,1,1,0,0,1,0,0,0,1,1,111392,NA,17,22,4,32,-1.5,5.5,13,NA,NA,NA,1,10.5,12.5,0.84,0.94,1.99,2,2,1
"578",4074,407,1,4,1,1,0,0,1,0,0,0,1,1,111392,NA,8,7,3,14.5,2.5,5.5,26,0.15,0,NA,2,11,10.5,1.05,1.16,2.32,1,1,1
"579",4091,409,1,1,0,1,0,0,1,0,0,0,1,1,111792,2,0,15,3,10.5,-24.5,5.05,NA,NA,0,NA,1,7,15,1.09,1.04,1.01,3,3,1
"580",11,1,1,1,0,1,0,1,0,0,0,0,1,1,110592,NA,20,40,4,44,9,5.05,NA,NA,0,NA,2,7,16,1.05,0.79,0.9,4,3,1
"581",21,2,1,1,0,1,0,1,0,0,0,0,1,1,110592,NA,7.5,10,3,15.5,-0.5,5.25,19,0.38,1,NA,1,7,15,1.05,1.01,0.94,2,2,1
"582",32,3,1,2,0,1,0,1,0,0,0,0,1,1,111792,2,4,7,3,10.5,-5,5.05,26,0.25,0,NA,1,11,11,1.05,0.94,2.75,5,3,1
"583",43,4,1,3,0,1,0,1,0,0,0,0,1,1,110592,NA,5,30,4,24,5,5.05,26,0.28,0,NA,2,8,13.5,1.22,1.37,0.89,6,4,1
"584",53,5,1,3,0,1,0,1,0,0,0,0,1,1,111892,2,10,30,4,29,5,5.15,4,0.18,0,NA,2,6,17,1.05,0.94,0.94,5,5,1
"585",84,8,1,4,0,1,0,1,0,0,0,0,1,1,110592,NA,15,25,3,30.5,NA,5.05,26,0.33,0,NA,2,10,13,1.01,1.01,0.94,2,2,0
"586",91,9,1,1,0,1,0,1,0,0,0,0,1,1,110592,NA,0,32,4,20,-16,5.05,26,0.13,0,NA,2,7,16,1.11,0.92,1.01,4,3,1
"587",101,10,1,1,0,1,0,1,0,0,0,0,1,1,110592,NA,15,15,4,26.5,-2.5,5.05,4,0.28,0,NA,2,7,16,0.94,0.87,0.94,3,2,1
"588",111,11,1,1,0,1,0,1,0,0,0,0,1,1,111792,1,12,24,3,27,-2,5.05,NA,NA,0,NA,2,7,16,1.05,0.87,0.94,3,2,1
"589",121,12,1,1,0,1,0,1,0,0,0,0,1,1,111892,3,15,15,4,26.5,5.25,5.05,26,0.25,0,NA,3,7,16,1.01,0.92,0.94,3,2,1
"590",132,13,1,2,0,1,0,1,0,0,0,0,1,1,111792,1,2,11,3,10.5,-5,5,13,0.25,0,NA,1,11,11,1.01,0.94,2.75,4,3,1
"591",153,15,1,3,0,1,0,1,0,0,0,0,2,1,121092,5,5,20,3,18,-1.5,5.05,NA,0.25,0,NA,2,6,17,1.05,1.01,2,3,3,1
"592",163,16,1,3,0,1,0,1,0,0,0,0,1,1,110592,NA,7,17,3,18.5,-2.5,5.05,19,0.25,0,NA,2,6,17,1.05,1.01,0.94,5,5,1
"593",173,17,1,3,0,1,0,1,0,0,0,0,1,1,111692,1,4,35,4,25.5,11.5,5.05,13,0.2,0,NA,2,6,17,1.05,0.94,0.95,6,5,1
"594",183,18,1,3,0,1,0,1,0,0,0,0,1,1,110592,NA,8,38,5,32,1.5,5.05,NA,0.25,1,NA,2,6,17,1.05,1,0.63,7,7,1
"595",191,19,1,1,0,1,1,0,0,0,0,0,1,1,110592,NA,6,44,5,33,9.5,5.05,52,0.3,0,NA,2,6,16,1.04,0.93,0.95,2,2,1
"596",212,21,1,2,0,1,1,0,0,0,0,0,1,1,111492,1,0,11,2,7.5,-6.5,5.05,NA,NA,0,NA,2,11,10,0.94,0.94,2.43,3,3,1
"597",223,22,1,3,0,1,1,0,0,0,0,0,1,1,110592,NA,3,15,2,12.5,-2,5.05,19,0.13,0,NA,2,7,15,1.05,1.05,0.94,4,4,1
"598",231,23,1,1,0,1,0,0,1,0,0,0,1,1,111792,1,14,14,3,24,8.5,5.05,NA,NA,0,NA,1,6.5,16.5,1.05,0.94,0.94,3,2,1
"599",241,24,1,1,0,1,0,1,0,0,0,0,2,1,122192,3,15,20,4,29,2.5,5.05,52,0.15,0,NA,2,NA,NA,1.05,0.94,1,4,3,1
"600",282,28,1,2,0,1,0,0,1,0,0,0,1,1,111892,3,6,2,3,10,2,NA,NA,NA,0,NA,1,11,10,NA,1.05,2.64,3,2,1
"601",292,29,1,2,0,1,0,0,1,0,0,0,1,1,111292,NA,0,13,3,9.5,4,5.05,26,0.25,0,NA,1,11,11,1.05,1.05,2.64,3,3,1
"602",323,32,1,3,0,1,0,0,1,0,0,0,1,1,111792,1,2,25,3,17.5,-5.75,5.05,26,0.23,0,NA,2,10.5,11.5,1.22,1.11,2.28,4,4,1
"603",343,34,1,3,1,1,0,0,1,0,0,0,1,1,111392,NA,11,7,3,17.5,2,5.05,26,0.5,0,NA,2,10.5,11.5,1.22,1.11,0.73,5,2,1
"604",354,35,1,4,0,1,0,0,1,0,0,0,1,1,111992,6,13,18,3,25,-7.25,5.05,13,0.25,0,NA,2,10.5,11.5,1.03,NA,NA,2,2,1
"605",381,38,1,1,0,1,0,1,0,0,0,0,1,1,111092,NA,10,20,6,26,-4,5.05,NA,0.25,0,NA,3,6.5,17.5,0.98,0.82,0.76,3,2,1
"606",631,63,1,1,1,1,0,0,1,0,0,0,1,1,111792,1,15,10,4,24,NA,5.05,26,0.1,0,NA,2,7,18,1.11,1.01,1.09,4,3,0
"607",641,64,1,1,0,1,0,0,1,0,0,0,1,1,111092,NA,13,13,3,22.5,-8,5.05,26,0.25,0,NA,2,7,16,1.05,0.95,0.95,3,3,1
"608",651,65,1,1,0,1,0,0,1,0,0,0,2,2,121592,3,NA,NA,3,NA,NA,5.05,NA,NA,NA,NA,NA,NA,NA,NA,NA,NA,NA,NA,0
"609",661,66,1,1,0,1,0,0,1,0,0,0,1,1,111092,NA,26,10,4,35,8,5.05,26,0.25,1,NA,1,7,17,1.05,0.95,0.95,3,3,1
"610",671,67,1,1,0,1,0,0,1,0,0,0,1,1,111092,NA,4,17.5,5,17.75,-0.75,5.05,NA,NA,0,NA,1,8,13.5,1.32,1.05,1.22,3,3,1
"611",681,68,1,1,0,1,0,0,1,0,0,0,1,1,111092,NA,13,17,3,24.5,-13.5,5.05,13,0.28,0,NA,3,7,17,1.05,0.95,0.95,3,1,1
"612",691,69,1,1,0,1,0,0,1,0,0,0,1,1,111792,NA,0,27,3,16.5,0,5.05,13,0.2,0,NA,2,7,18,1.26,1.01,1,4,2,1
"613",701,70,1,1,0,1,0,0,1,0,0,0,1,1,111092,NA,10,30,5,30,-20,5.05,4,0.23,NA,NA,1,7,16,1.05,0.95,1.01,3,3,1
"614",711,71,1,1,0,1,0,0,1,0,0,0,1,1,111692,NA,29,14,3,39,18.5,5.05,26,0.18,1,NA,3,7,17,1.05,0.95,0.95,3,2,1
"615",732,73,1,2,0,1,0,0,1,0,0,0,1,1,111792,2,14,0,3,17,10.5,5.05,4,0.05,0,NA,2,11,11,1.05,1.05,2.43,3,NA,1
"616",752,75,1,2,0,1,0,0,1,0,0,0,1,1,111292,NA,4,11,3,12.5,-1,5.05,6,0.25,1,NA,2,11,11,1.16,1.16,2.75,3,3,1
"617",763,76,1,3,1,1,0,0,1,0,0,0,1,1,111392,NA,25,15,6,38.5,10.5,5.05,13,0.15,1,NA,2,6.5,16.5,1.11,1.06,1.05,6,3,1
"618",793,79,1,3,1,1,0,0,1,0,0,0,1,1,111392,NA,8,18,3,20,-1.5,5.05,41,0.13,0,NA,2,7,16,1.11,1.06,1.05,5,4,1
"619",804,80,1,4,0,1,0,0,1,0,0,0,1,1,111492,2,11,14,3,21,NA,5.05,13,0.1,0,NA,2,10.5,12.5,1.12,0.98,0.99,2,1,0
"620",841,84,1,1,0,1,0,1,0,0,0,0,1,1,111692,NA,12,30,5,32,8,5.05,52,0.2,0,NA,2,7,16,1.05,0.9,0.94,3,3,1
"621",861,86,1,1,0,1,0,1,0,0,0,0,1,1,111092,NA,9,12,4,19,-1.5,5.05,4,0.13,0,NA,3,7,15,1.05,1.05,1.04,3,3,1
"622",871,87,1,1,0,1,0,1,0,0,0,1,1,1,111092,NA,0,30,5,20,NA,5.05,41,0.18,0,NA,3,7,15,1,0.99,1.04,3,3,0
"623",881,88,1,1,0,1,1,0,0,0,0,0,2,1,121892,2,4,37,4,26.5,3,5.05,42,0.18,0,NA,2,7,15,1.05,0.87,0.94,5,2,1
"624",911,91,1,1,1,1,0,1,0,0,0,1,1,1,111792,1,0,30,4,19,-4,5.05,26,0.18,0,NA,1,7,17,1.11,1.05,1.05,3,3,1
"625",921,92,1,1,1,1,0,1,0,0,0,1,1,1,111092,NA,14,6,3,20,3,5.05,NA,0.25,0,NA,2,7,15,1.11,1.01,1.05,3,3,1
"626",931,93,1,1,1,1,0,0,1,0,0,0,1,1,111092,NA,5,25,5,22.5,2,5.05,13,0.15,0,NA,2,7,16,1.11,1.05,1.05,4,3,1
"627",952,95,1,2,0,1,0,1,0,0,0,0,1,1,111292,NA,0,14,3,10,-13.5,5.05,13,0.25,0,NA,1,11,10,1.05,0.75,2.53,3,3,1
"628",962,96,1,2,0,1,0,0,1,0,0,0,1,1,111892,3,0,15,5,12.5,3,5.05,26,0.15,0,NA,2,11.5,10.5,1.05,0.94,2.59,4,0,1
"629",972,97,1,2,0,1,0,1,0,0,0,0,1,1,111292,NA,2.5,11,3,11,1,5.05,13,0.3,0,NA,2,11,10,1.05,0.8,2.54,3,2,1
"630",982,98,1,2,0,1,0,1,0,0,0,1,1,1,111292,NA,3,13,3,12.5,-1.5,5.05,13,0.45,0,NA,1,11,10,1.05,0.9,2.53,3,3,1
"631",993,99,1,3,1,1,0,1,0,0,0,1,2,1,121892,6,30,50,4,59,-26,5.05,15,0.25,1,NA,2,0,24,1.22,1.17,2.32,5,2,1
"632",1013,101,1,3,0,1,0,1,0,0,0,1,1,1,111392,NA,10,12,3,19,4,5.05,26,0.15,0,NA,2,7,15,1.15,1.1,1.05,8,3,1
"633",1023,102,1,3,0,1,1,0,0,0,0,0,1,1,111392,NA,0,27,2,15.5,-6,5.05,52,0.25,0,NA,2,7,15,1.07,1.01,1.05,5,5,1
"634",1044,104,1,4,0,1,0,1,0,0,0,1,1,1,111492,1,11,10,3,19,-34,5.05,26,0.08,1,NA,2,10.5,12.5,1,0.84,0.94,2,2,1
"635",1051,105,1,1,0,1,0,0,1,0,0,0,1,1,111092,NA,0,45,4,26.5,2.5,5.05,13,0.25,0,NA,2,6.5,16.5,1.05,0.99,1.16,4,3,1
"636",1061,106,1,1,0,1,0,0,1,0,0,0,1,1,111092,NA,2,25,3,17.5,-3,5.05,26,0.2,0,NA,0,7,16,1.05,0.95,0.95,2,2,1
"637",1071,107,1,1,1,1,0,0,1,0,0,0,2,1,123092,9,13.5,10,2,20.5,6,5.05,NA,NA,0,NA,1,8,14,NA,1.01,1,4,2,1
"638",1081,108,1,1,0,1,0,0,1,0,0,0,1,1,111692,NA,11,24,5,28,3,5.05,26,0.15,0,NA,1,7,17,1.37,1.02,1.05,3,3,1
"639",1113,111,1,3,0,1,0,0,1,0,0,0,1,1,111892,1,20,14.5,3,30.25,3.25,5.05,26,NA,0,NA,2,7,16,1.16,1.16,1,5,4,1
"640",1141,114,1,1,0,1,0,1,0,0,0,0,1,1,111792,1,20,40,4,44,21.5,5.25,26,0.25,0,NA,2,6.5,16.5,1.11,0.94,0.94,3,3,1
"641",1151,115,1,1,0,1,0,1,0,0,0,0,1,1,111092,NA,6,15,4,17.5,-19,5.05,NA,NA,NA,NA,1,7,17,1.05,0.95,1.01,4,4,1
"642",1161,116,1,1,0,1,0,1,0,0,0,0,1,1,111092,NA,22,12,3,31,13.75,5.05,13,0.45,1,NA,2,8.5,13,1.39,0.95,1.21,8,2,1
"643",1181,118,1,1,0,1,0,0,1,0,0,0,1,1,111692,NA,18,20,3,31,9.5,5.05,26,0.38,0,NA,2,7,15,1.05,0.94,1,4,2,1
"644",1191,119,1,1,0,1,0,0,1,0,0,0,1,1,111692,1,18,13,4,28.5,4,5.05,26,NA,0,NA,3,6.5,17.5,1.05,0.89,0.95,3,3,1
"645",1201,120,1,1,1,1,0,1,0,0,0,0,1,1,111992,3,0,30,4,19,0,5.05,NA,NA,0,NA,2,7,16,1.05,1.05,1.05,3,2,1
"646",1221,122,1,1,0,1,0,0,1,0,0,0,1,1,111092,NA,10,50,6,41,16,5.05,26,0.1,0,NA,1,9,12.5,1.15,0.94,1.15,6,4,1
"647",1241,124,1,1,0,1,0,1,0,0,0,0,1,1,111092,NA,21,6,4,28,12,5.05,13,0.5,1,NA,3,7,15,1.16,0.94,1.12,2,2,1
"648",1252,125,1,2,0,1,0,1,0,0,0,0,1,1,111492,NA,0,15,2,9.5,-9.5,5.05,52,0.4,0,NA,1,10,12,1.01,1.01,2.49,4,3,1
"649",1303,130,1,3,1,1,0,1,0,0,0,0,2,1,122192,6,2,38,4,25,2.25,5.05,4,0.15,0,NA,2,7,16,1.11,1.06,1.05,5,3,1
"650",1323,132,1,3,1,1,0,1,0,0,0,0,1,1,111692,NA,15,20,3,28,-7,5.5,52,0.25,0,NA,2,7,14,NA,NA,NA,2,2,1
"651",1333,133,1,3,1,1,0,1,0,0,0,0,1,1,111392,NA,3,20,3,16,0,5.05,26,NA,0,NA,2,7,15,1.11,1.06,2.11,5,3,1
"652",1343,134,1,3,0,1,0,1,0,0,0,0,1,1,111392,NA,6,27.5,3,22.75,1.75,5.05,52,0.25,0,NA,2,6,16,1.11,1.06,0.94,4,3,1
"653",1363,136,1,3,1,1,0,1,0,0,0,0,2,0,121692,3,NA,NA,NA,NA,NA,NA,NA,NA,NA,NA,NA,7,16,NA,NA,NA,NA,NA,0
"654",1373,137,1,3,1,1,0,0,1,0,0,0,1,1,111692,1,12,30,5,32,1.5,5.05,26,0.25,0,NA,2,7,15,1.11,1.11,1.05,5,3,1
"655",1404,140,1,4,0,1,0,1,0,0,0,0,1,1,111492,NA,5,35,5,27.5,4.5,5.67,4,0.25,1,NA,2,10.5,11.5,1,0.94,1.05,2,2,1
"656",1414,141,1,4,0,1,0,1,0,0,0,0,1,1,111892,2,10,25,3,25.5,4,5.05,13,0.18,1,NA,2,10.5,12.5,1.05,0.84,1.34,2,2,1
"657",1424,142,1,4,0,1,0,0,1,0,0,0,1,1,111492,NA,40,31,5,60.5,24,5.05,26,0.18,0,NA,2,10,11.5,1.01,0.89,1.26,2,2,1
"658",1461,146,1,1,0,1,0,0,1,0,0,0,1,1,111092,NA,0,32,4.5,20.5,-2.5,5.05,26,0.17,0,NA,2,7,16,1.05,0.99,1.05,4,3,1
"659",1491,149,1,1,0,1,0,0,1,0,0,0,1,1,111092,NA,8,10,3,16,2,5.05,26,0.25,0,NA,2,7,16,1.05,0.94,0.94,2,2,1
"660",1501,150,1,1,0,1,0,0,1,0,0,0,2,1,123192,8,12,20,3,25,7.75,5.75,28,0.58,0,NA,2,7,15,1.11,0.88,0.88,3,2,1
"661",1561,156,1,1,0,1,0,0,1,0,0,0,1,1,111092,NA,2,18,2,13,-5.5,5.05,NA,0.3,0,NA,2,7,15,0.95,0.94,1.01,3,NA,1
"662",1582,158,1,2,0,1,0,0,1,0,0,0,1,1,111192,NA,3,4,4,9,0.5,5.05,13,0.25,0,NA,1,11,11.5,0.95,0.94,2.49,3,2,1
"663",1592,159,1,2,0,1,0,0,1,0,0,0,1,1,111492,NA,10,5,4,16.5,2.5,5.25,13,0.25,0,NA,1,10.5,11.5,0.95,0.84,2.49,4,3,1
"664",1623,162,1,3,1,1,0,0,1,0,0,0,1,1,111292,NA,3,30,3,21,-2,5.05,26,0.18,0,NA,2,7,15.5,1.11,1.01,1.05,6,5,1
"665",1664,166,1,4,0,1,0,0,1,0,0,0,1,1,111392,1,0,35,4,21.5,-7.5,5.05,26,0.18,0,NA,2,10.5,12.5,1.11,0.84,1.26,2,2,1
"666",1681,168,1,1,0,1,0,0,1,0,0,0,1,1,111692,NA,0,32,4,20,1,5.25,10,0.18,0,NA,1,6,16,1.11,0.95,1.14,3,1,1
"667",1711,171,1,1,1,1,0,0,1,0,0,1,1,1,111092,NA,10,12.5,5,21.25,0.25,5.05,4,0.1,1,NA,2,7,16,1.18,1.04,1.03,3,3,1
"668",1721,172,1,1,0,1,0,0,1,0,0,0,1,1,111692,2,7,23,3,21.5,4.5,5.05,8,0.18,0,NA,1,9,13,1.11,1.01,1.05,6,3,1
"669",1731,173,1,1,0,1,0,0,1,0,0,0,1,1,111792,1,11,30,5,31,-5,5.05,26,0.15,0,NA,2,6,18,1.05,0.94,1.04,4,3,1
"670",1741,174,1,1,0,1,0,0,1,0,0,1,1,1,111092,NA,20,20,3,33,8,5.05,4,0.2,0,NA,2,7,16,1.05,0.9,0.98,3,3,1
"671",1761,176,1,1,0,1,0,0,1,0,0,0,1,1,111792,1,20,27.5,4,37.75,8.25,5.05,NA,NA,0,NA,2,7,16,1.04,1.06,NA,NA,NA,1
"672",1782,178,1,2,1,1,0,0,1,0,0,1,1,1,111191,NA,1,10,3,9,-13,5.05,26,0.25,1,NA,1,11,10.5,1.01,0.94,2.64,3,2,1
"673",1792,179,1,2,0,1,0,0,1,0,0,0,1,1,111892,3,2,10,4,11,0,5.05,26,0.2,0,NA,1,10.5,11,0.94,0.84,2.49,3,3,1
"674",1802,180,1,2,0,1,0,0,1,0,0,1,1,1,111192,NA,0,17.5,4,12.75,-0.75,5.05,NA,NA,0,NA,2,11,12,1.05,1.05,2.85,4,4,1
"675",1822,182,1,2,0,1,1,0,0,0,0,1,1,1,111192,NA,0,15,3,10.5,-3,5.05,26,0.25,0,NA,2,11.5,10,1.05,1,2.73,4,3,1
"676",1832,183,1,2,0,1,0,0,1,0,0,0,1,1,111892,4,15,10,2,22,4,5.05,13,0.25,0,NA,2,11,10.5,1.05,1,2.75,4,3,1
"677",1852,185,1,2,0,1,0,1,0,0,0,1,1,1,111192,NA,2,6,3,8,-1.5,5.05,26,0.25,1,NA,1,11,10.5,1.05,1,2.75,3,3,1
"678",1863,186,1,3,0,1,0,0,1,0,0,0,1,1,111892,3,12,18,4,25,1,5.05,26,NA,0,NA,2,6,16,1.17,1.06,0.95,5,3,1
"679",1893,189,1,3,0,1,0,0,1,0,0,0,1,1,111292,NA,0,19,3,12.5,-2,5.05,52,0.2,0,NA,2,7,15,1.11,1.06,1.05,5,3,1
"680",1924,192,1,4,0,1,0,0,1,0,0,0,1,1,111392,NA,4.5,30,3,22.5,-6.5,5.25,19,0.18,0,NA,2,10.5,12.5,1.05,0.84,1.26,2,2,1
"681",1934,193,1,4,0,1,0,0,1,0,0,1,1,1,111792,2,4,9,3,11.5,1,5.05,26,0.13,1,NA,2,9,13,1.01,0.9,1.26,2,1,1
"682",1954,195,1,4,0,1,0,0,1,0,0,1,1,1,111892,2,8,25,3,23.5,5.5,5.05,26,0.15,0,NA,2,10.5,12.5,0.94,0.84,2.11,2,2,1
"683",1981,198,1,1,0,1,0,0,1,0,0,0,1,1,111792,8,10,32,4,30,NA,5.05,26,0.15,0,NA,2,7,16,1.05,0.94,0.94,3,3,0
"684",1992,199,1,2,0,1,0,0,1,0,0,0,1,1,111192,NA,11,3,4,16.5,7.5,5.05,2,0.45,NA,NA,1,11,10.5,0.91,0.9,2.45,4,3,1
"685",2001,200,1,1,0,1,0,0,1,0,0,0,1,1,111092,NA,5,40,4,29,-4,5.05,52,0.25,0,NA,2,6.5,17.5,1.05,0.94,0.98,5,4,1
"686",2011,201,1,1,0,1,0,0,1,0,0,0,1,1,111092,NA,16,22,3,30,10.5,5.05,26,0.28,1,NA,1,7,17,1.05,0.95,0.95,3,3,1
"687",2021,202,1,1,0,1,0,0,1,0,0,0,1,1,111692,NA,13,11,4,22.5,-18.5,5.05,4,0.08,0,NA,3,6,19,1.15,0.95,0.64,3,3,1
"688",2031,203,1,1,0,1,0,0,1,0,0,0,1,1,111092,NA,4,34,3,24,7,5.05,26,0.18,0,NA,0,7,17,1.05,0.95,0.95,3,2,1
"689",2041,204,1,1,0,1,0,0,1,0,0,0,1,1,111092,NA,12,13.5,3,21.75,3.5,5.05,13,0.25,0,NA,2,6.5,17.5,1.05,0.99,1.05,3,2,1
"690",2072,207,1,2,1,1,0,0,1,0,0,0,1,1,111192,NA,8.5,6,2,13.5,-3.5,5.2,52,0.5,1,NA,1,11,12,1.05,0.84,2.32,5,3,1
"691",2083,208,1,3,1,1,0,0,1,0,0,0,1,1,111792,2,5,32,3,24,-8,5.05,26,NA,0,NA,2,8,14,1.06,1.06,1.05,5,5,1
"692",2093,209,1,3,1,1,0,0,1,0,0,0,1,1,111192,NA,6,37,4,28.5,2.5,5.05,26,0.2,0,NA,2,7,16,1.11,1.06,1.05,5,5,1
"693",2104,210,1,4,1,1,0,0,1,0,0,0,1,1,111392,NA,0,14,3,10,-1.5,5.05,13,0.2,0,NA,2,10,11,NA,NA,NA,4,NA,1
"694",2111,211,1,1,0,1,1,0,0,0,0,0,1,1,111692,NA,2,35,4,23.5,2.5,5.05,4,NA,0,NA,2,7,15,NA,0.9,NA,3,2,1
"695",2121,212,1,1,0,1,1,0,0,0,0,0,1,1,111092,NA,20,15,3,30.5,7.75,5.05,4,0.53,1,NA,2,7,16,1.05,0.94,0.89,2,2,1
"696",2131,213,1,1,1,1,1,0,0,0,0,0,2,1,121892,2,12,17.5,4,24.75,6.25,5.05,19,0.15,1,NA,2,6.5,17.5,1.05,0.94,0.94,4,3,1
"697",2141,214,1,1,0,1,1,0,0,0,0,0,1,1,111892,1,0,35,5,22.5,2.5,5.05,NA,NA,0,NA,2,6.75,16.25,1.04,0.93,0.96,3,2,1
"698",2151,215,1,1,0,1,1,0,0,0,0,0,1,1,111092,NA,20,10,3,28,10,5.05,26,0.15,0,NA,3,7,16,0.93,0.84,0.93,3,3,1
"699",2162,216,1,2,0,1,1,0,0,0,0,0,1,1,111192,NA,2,18,3,14,3.5,5.05,13,0.2,0,NA,2,11,10.5,1.05,0.94,2.75,5,3,1
"700",2172,217,1,2,1,1,1,0,0,0,0,0,1,1,111192,NA,0,12,3,9,-1.5,5.05,26,0.2,0,NA,1,10.5,10.5,0.94,0.73,2.32,4,4,1
"701",2182,218,1,2,1,1,1,0,0,0,0,0,1,1,111192,NA,5,3,3,9.5,-1.5,5.05,26,0.25,0,NA,1,11,11,0.95,0.73,2.19,3,3,1
"702",2192,219,1,2,1,1,1,0,0,0,0,0,1,1,111192,NA,9,9,2,15.5,5,5.05,26,0.18,0,NA,1,10.5,10.5,0.94,0.73,2.53,NA,NA,1
"703",2202,220,1,2,0,1,1,0,0,0,0,0,1,1,111492,1,3,12,3,12,-0.5,5.05,13,0.13,0,NA,1,11,10,1.09,0.9,2.75,4,3,1
"704",2212,221,1,2,0,1,1,0,0,0,0,0,1,1,111192,NA,1,15,3,11.5,-6.5,5.05,13,0.15,0,NA,1,11,11,1.05,0.94,2.53,4,3,1
"705",2223,222,1,3,1,1,1,0,0,0,0,0,1,1,111192,NA,2,15,3,12.5,-4.5,5.05,26,0.2,0,NA,2,10,11.5,1.01,1.01,0.89,3,1,1
"706",2233,223,1,3,1,1,1,0,0,0,0,0,2,1,121892,2,3,20,3,16,1,5.05,28,0.25,0,NA,2,7,15,1.01,1.01,0.94,3,2,1
"707",2253,225,1,3,1,1,1,0,0,0,0,0,1,1,111192,NA,12,25,4,28.5,9,5.05,4,0.1,0,NA,2,6,17,1.01,1.01,0.94,5,3,1
"708",2264,226,1,4,0,1,1,0,0,0,0,0,1,1,111792,1,0,26,2,15,2,5.3,52,0.15,0,NA,1,10.5,10.5,1,0.85,0.94,2,2,1
"709",2284,228,1,4,0,1,1,0,0,0,0,0,1,1,111392,NA,11,19,3,23.5,3.25,5.05,NA,NA,0,NA,1,10.5,12.5,1,0.84,0.89,2,NA,1
"710",2291,229,1,1,0,1,0,0,1,0,0,0,1,1,111692,NA,22,11,3,30.5,4.5,5.5,26,0.15,1,NA,2,8.5,13.5,1.01,0.94,0.94,4,3,1
"711",2301,230,1,1,0,1,0,0,1,0,0,0,1,1,111692,NA,15,17,3,26.5,11,5.05,26,0.18,0,NA,1,7,17,1.05,0.94,0.94,3,2,1
"712",2321,232,1,1,0,1,0,0,1,0,0,0,1,1,111892,3,18,10,4,27,3,5.05,13,0.25,0,NA,2,7,15,1.05,0.95,0.95,3,2,1
"713",2331,233,1,1,0,1,0,0,1,0,0,0,1,1,111092,NA,15,7,3,21.5,-4,5.05,26,0.25,0,NA,2,7,16,1.05,0.94,0.94,2,2,1
"714",2351,235,1,1,0,1,0,0,1,0,0,0,2,1,121592,4,NA,28,3,NA,NA,5.05,28,0.5,1,NA,2,8,15,1.11,1.11,1.03,4,2,0
"715",2371,237,1,1,0,1,0,0,1,0,0,0,1,1,110992,NA,9,17,4,21.5,0,5.05,4,0.2,0,NA,2,7,15.5,0.94,0.94,1,2,2,1
"716",2382,238,1,2,1,1,0,0,1,0,0,0,1,1,111192,NA,25,15,5,37.5,23.5,5.05,13,0.25,1,NA,1,11,12,1.05,1.05,2.32,5,3,1
"717",2392,239,1,2,0,1,0,0,1,0,0,0,1,1,111292,NA,0,19,2,11.5,-8.5,5.05,26,0.28,0,NA,1,10.5,12.5,1.05,0.84,2.32,5,3,1
"718",2433,243,1,3,1,1,0,0,1,0,0,0,1,1,111192,NA,7,22,3,21,-1.5,5.05,26,0.1,0,NA,2,7,15.5,1.11,1.06,1.05,6,2,1
"719",2443,244,1,3,1,1,0,0,1,0,0,0,1,1,111192,NA,16,12,6,28,-2,5.05,26,0.25,0,NA,2,7,17,1.11,1.12,1.05,5,3,1
"720",2474,247,1,4,0,1,0,0,1,0,0,0,2,1,121792,7,0,40,4,24,0,5.05,NA,NA,1,NA,2,10.5,15.5,1.11,1.09,2.07,2,2,1
"721",2484,248,1,4,0,1,0,0,1,0,0,0,1,1,111392,NA,10,14,6,23,1,5.05,26,0.25,0,NA,2,10,16,1.37,0.95,2.03,2,1,1
"722",2491,249,1,1,0,1,1,0,0,0,0,1,1,1,110992,NA,10,12,3,19,6,5.05,4,0.1,0,NA,1,7,15,1.01,1.01,0.94,3,2,1
"723",2502,250,1,2,1,1,1,0,0,0,0,1,1,1,111292,NA,2,4,3,7,2,5.05,6,0.25,0,NA,1,11,10,0.94,0.84,2.52,5,3,1
"724",2533,253,1,3,1,1,1,0,0,0,0,0,1,1,111192,NA,4,8,6,14,0.5,5.05,52,0.23,NA,NA,2,7,16,1.23,1.11,2.28,3,2,1
"725",2571,257,1,1,0,1,1,0,0,0,0,1,2,2,121492,2,NA,NA,NA,NA,NA,NA,NA,NA,NA,NA,NA,NA,NA,NA,NA,NA,NA,NA,0
"726",2581,258,1,1,0,1,1,0,0,0,0,0,1,1,110992,NA,20,18,3,32,14,5.05,13,NA,0,NA,2,6,18,1.08,0.94,0.84,3,3,1
"727",2601,260,1,1,1,1,1,0,0,0,0,0,1,1,110992,NA,4,26,5,22,-2,5.05,8,0.28,0,NA,2,7,16,1.09,0.94,0.93,3,3,1
"728",2621,262,1,1,0,1,1,0,0,0,0,0,1,1,110992,NA,0,22.5,3,14.25,-2.25,5.05,NA,0.25,0,NA,2,6.5,17.5,1.08,1.02,0.87,3,3,1
"729",2641,264,1,1,0,1,1,0,0,0,0,0,2,1,121492,2,0,23,5,16.5,9.5,5.05,14,NA,0,NA,2,7,16,1.05,1.11,0.94,3,3,1
"730",2651,265,1,1,0,1,1,0,0,0,0,0,2,3,121492,1,0,0,0,0,-11,NA,NA,NA,NA,NA,NA,NA,NA,NA,NA,NA,NA,NA,1
"731",2671,267,1,1,0,1,1,0,0,0,0,0,1,1,110992,NA,30,25,5,47.5,28,5.05,26,0.2,0,NA,3,7,16,1.05,0.88,0.91,3,2,1
"732",2692,269,1,2,1,1,1,0,0,0,0,0,1,1,111892,3,10,3,4,15.5,5.5,5.05,26,0.17,0,NA,2,11,11,0.94,0.73,2.32,4,3,1
"733",2732,273,1,2,1,1,1,0,0,0,0,0,1,1,111792,2,2,11,3,10.5,-2.5,5.05,6,0.18,0,NA,1,11,10,0.95,0.74,2.32,4,3,1
"734",2752,275,1,2,1,1,1,0,0,0,0,0,1,1,111492,2,1,8,2,7,-3,5.05,13,0.39,0,NA,1,11,10.5,0.94,0.73,2.32,4,2,1
"735",2772,277,1,2,1,1,1,0,0,0,0,0,1,1,111492,1,1,14,3,11,-1.5,5.05,NA,NA,0,NA,1,11,10,0.94,0.73,2.32,3,3,1
"736",2782,278,1,2,1,1,1,0,0,0,0,0,1,1,111392,NA,0,9,4,8.5,0.5,5.05,NA,NA,0,NA,1,11,11,0.95,0.73,2.32,5,3,1
"737",2823,282,1,3,1,1,1,0,0,0,0,0,2,3,121492,1,0,0,0,0,-12,NA,NA,NA,NA,NA,NA,NA,NA,NA,NA,NA,NA,NA,1
"738",2843,284,1,3,1,1,1,0,0,0,0,0,1,1,111692,1,6,12,3,15,-5.5,5.05,26,0.28,0,NA,2,6,16,1.01,1.01,0.94,4,3,1
"739",2853,285,1,3,1,1,1,0,0,0,0,0,1,1,111292,NA,3,15,3,13.5,-5,5.05,52,0.13,0,NA,2,6,16,1.01,1.01,1.01,4,2,1
"740",2863,286,1,3,1,1,1,0,0,0,0,0,1,1,111692,1,2,15,3,12.5,1,5.05,26,0.18,0,NA,2,10,11.5,1.02,1.01,0.94,2,1,1
"741",2873,287,1,3,1,1,1,0,0,0,0,0,1,1,111292,NA,2,15,3,12.5,-2.5,5.05,4,0.15,0,NA,2,6,16,1.01,1.01,0.94,5,3,1
"742",2883,288,1,3,1,1,1,0,0,0,0,0,1,1,111292,NA,5,9,3,12.5,-0.5,5.05,19,0.15,0,NA,2,6,16,1.01,1.01,0.89,5,2,1
"743",2893,289,1,3,1,1,1,0,0,0,0,0,1,1,111292,NA,3,10,2,10,0,5.05,26,0.25,0,NA,2,7,15,1.01,1.01,2,6,3,1
"744",2904,290,1,4,0,1,1,0,0,0,0,0,1,1,111392,1,0,23,2,13.5,-3.5,5.05,NA,NA,0,NA,1,10.5,11.5,1,0.85,0.94,2,2,1
"745",2914,291,1,4,0,1,1,0,0,0,0,0,1,1,111392,NA,5,16,3,16,-1,5.1,17,0.1,1,NA,2,10.5,11.5,1,0.85,0.94,2,2,1
"746",2924,292,1,4,0,1,1,0,0,0,0,1,1,1,111392,NA,15,11,3,23.5,3,5.05,52,0.25,1,NA,1,7,16,1,0.84,2.69,2,2,1
"747",2951,295,1,1,0,1,0,0,1,0,0,0,2,1,121592,1,NA,21,4,NA,NA,5.05,28,0.18,0,NA,2,6,18,1.05,0.94,0.94,3,3,0
"748",2971,297,1,1,1,1,0,0,1,0,0,0,1,1,111792,2,15,30,4,34,14.5,5.05,26,0.15,0,NA,2,7,16,1.05,0.94,0.98,3,2,1
"749",3033,303,1,3,1,1,0,0,1,0,0,0,1,1,111692,NA,12,35,3,32.5,2,5.05,13,0.15,0,NA,2,7,16,1.05,1.05,1.05,5,3,1
"750",3043,304,1,3,0,1,0,0,1,0,0,0,1,1,111292,NA,10,15,4,21.5,-1.5,5.05,26,0.38,1,NA,1,0,24,1.4,1.29,1.05,5,5,1
"751",3053,305,1,3,1,1,0,0,1,0,0,0,1,1,111792,1,5,22,4,20,7,5.05,2,0.35,0,NA,1,6,18,1.37,1.31,1.05,5,4,1
"752",3073,307,1,3,1,1,0,0,1,0,0,0,1,1,111892,1,25,25,6,43.5,13.25,5.2,NA,NA,0,NA,2,0,24,1.26,NA,1.05,5,5,1
"753",3104,310,1,4,0,1,0,0,1,0,0,0,1,1,111392,NA,3,23,3,17.5,-0.5,5.05,26,0.3,0,NA,2,10.5,11.5,0.97,0.9,2.06,2,2,1
"754",3121,312,1,1,0,1,1,0,0,0,0,1,1,1,110992,NA,3,2,3,7,-3,5.05,4,0.25,0,NA,1,9,10,1.26,1.05,1.02,3,1,1
"755",3131,313,1,1,0,1,1,0,0,0,0,1,1,1,110992,NA,0,30,NA,NA,NA,5.05,8,0.25,0,NA,1,7,15,1,1.01,0.89,3,3,0
"756",3141,314,1,1,0,1,1,0,0,0,0,1,1,1,110992,NA,15,6,4,22,5,5.25,13,0.15,0,NA,1,6,16,1.05,0.74,0.94,3,3,1
"757",3161,316,1,1,1,1,1,0,0,0,0,1,1,1,111692,NA,12,14,3,22,-3.5,5.05,26,0.15,1,NA,2,7,16,1.05,0.94,0.94,NA,NA,1
"758",3171,317,1,1,0,1,1,0,0,0,0,1,1,1,111792,1,4,0,3,7,1,5.05,8,0.13,0,NA,1,8,10.5,1.26,1.05,1.05,2,1,1
"759",3182,318,1,2,0,1,1,0,0,0,0,1,1,1,111292,NA,7,6,4,14,2.5,5.05,13,0.5,1,NA,1,10.5,11.5,1.11,0.95,2.59,3,3,1
"760",3192,319,1,2,0,1,1,0,0,0,0,1,1,1,111292,NA,22,4,3,27,18.5,5.05,13,0.25,1,NA,1,10.5,11.5,0.95,0.9,2.43,4,3,1
"761",3223,322,1,3,1,1,1,0,0,0,0,1,1,1,111692,1,12,5,4,18.5,0,5.05,13,NA,0,NA,2,7,15,0.96,1.01,0.94,6,3,1
"762",3253,325,1,3,1,1,1,0,0,0,0,1,1,1,111692,NA,1,15,3,11.5,-4,5.05,26,0.1,0,NA,2,7,15,1.02,1.01,1.01,6,3,1
"763",3331,333,1,1,0,1,0,1,0,0,0,0,1,1,110992,NA,3,20,3,16,1.75,5.05,13,0.18,0,NA,2,7,15,1.04,0.87,0.87,3,3,1
"764",3361,336,1,1,0,1,1,0,0,0,0,0,1,1,110992,NA,10,20,5,25,-13,5.05,6,0.2,0,NA,2,6,16,0.95,1.05,0.94,3,3,1
"765",3371,337,1,1,1,1,1,0,0,0,0,0,1,1,110992,NA,25,5,3,30.5,5.75,5.05,26,NA,0,NA,2,7,17,NA,NA,NA,NA,NA,1
"766",3391,339,1,1,1,1,1,0,0,0,0,0,1,1,111692,NA,5,9,2,11.5,-11.5,5.05,13,0.25,1,NA,1,7,16,0.95,0.95,0.95,3,3,1
"767",3401,340,1,1,0,1,1,0,0,0,0,0,1,1,111692,NA,15,17,2,25.5,1.5,5.05,8,0.15,0,NA,2,6,16,1.05,0.84,0.84,5,4,1
"768",3412,341,1,2,1,1,1,0,0,0,0,0,1,1,111492,NA,3,7,3,9.5,2,5.05,NA,NA,0,NA,1,11,11,0.9,0.84,2.32,4,2,1
"769",3432,343,1,2,1,1,1,0,0,0,0,0,1,1,111892,4,4,11,2,11.5,-3.5,5.05,6,0.15,0,NA,2,11,12,0.95,0.85,2.32,4,3,1
"770",3462,346,1,2,1,1,1,0,0,0,0,0,1,1,111292,NA,3,12,3,12,2.75,NA,NA,NA,0,NA,1,11,11,0.85,NA,NA,NA,NA,1
"771",3483,348,1,3,1,1,0,1,0,0,0,0,2,3,121892,1,0,0,0,0,-11.25,NA,NA,NA,NA,NA,NA,NA,NA,NA,NA,NA,NA,NA,1
"772",3503,350,1,3,1,1,1,0,0,0,0,0,1,1,111892,1,5,20,2,17,0.5,5.05,13,0.23,0,NA,2,6,17,1.01,1.01,0.89,5,4,1
"773",3513,351,1,3,1,1,1,0,0,0,0,0,1,1,111792,2,10,20,4,24,5.25,5.05,52,0.53,0,NA,2,6,16,1.01,1.01,0.73,4,2,1
"774",3523,352,1,3,1,1,0,0,1,0,0,0,2,5,122392,9,NA,NA,NA,NA,NA,NA,NA,NA,NA,NA,NA,NA,NA,0.95,0.95,0.89,NA,NA,0
"775",3533,353,1,3,1,1,1,0,0,0,0,0,2,1,121492,4,NA,31,4,NA,NA,5.05,28,NA,0,NA,2,6,16,1.01,1.01,0.89,3,3,0
"776",3554,355,1,4,0,1,0,1,0,0,0,0,1,1,111392,NA,3,17,2,13.5,0,NA,NA,NA,0,NA,1,10.5,11.5,1,0.85,0.89,2,2,1
"777",3591,359,1,1,1,1,1,0,0,0,0,0,1,1,111692,NA,0,26,4,17,2,5.05,26,0.25,0,NA,2,7,16,1.05,0.87,0.82,3,2,1
"778",3601,360,1,1,0,1,1,0,0,0,0,0,1,1,111692,NA,5,32,7,28,10.5,5.05,4,0.25,0,NA,2,7,16,1.05,0.87,0.82,3,3,1
"779",3611,361,1,1,0,1,1,0,0,0,0,0,1,1,110792,NA,4,23,6,21.5,4,5.05,26,0.18,0,NA,2,7,16,0.9,0.93,0.92,3,2,1
"780",3622,362,1,2,0,1,1,0,0,0,0,0,1,1,111292,NA,24,4,4,30,NA,5.05,13,0.18,0,NA,1,10.5,12.5,1.05,0.84,2.43,5,3,0
"781",3632,363,1,2,0,1,1,0,0,0,0,0,1,1,111292,NA,14,7,2,19.5,4,5.2,4,0.13,0,NA,2,10.5,12.5,1.01,0.8,2.43,4,4,1
"782",3642,364,1,2,0,1,1,0,0,0,0,0,1,1,111492,NA,1,30,4,20,3.5,5.05,52,0.25,0,NA,1,10.5,12.5,1.05,0.84,2.43,5,3,1
"783",3663,366,1,3,0,1,1,0,0,0,0,0,1,1,111892,1,1,19,4,14.5,1,5.05,13,0.25,0,NA,2,10.5,11.5,1.01,0.9,0.63,4,3,1
"784",3684,368,1,4,0,1,1,0,0,0,0,0,1,1,111392,NA,0,25,2,14.5,1.5,5.05,19,0.15,0,NA,1,10.5,11.5,1,0.85,0.95,2,2,1
"785",3691,369,1,1,1,1,0,0,1,0,0,0,2,3,120992,NA,0,0,0,0,-11.5,NA,NA,NA,NA,NA,NA,NA,NA,NA,NA,NA,NA,NA,1
"786",3701,370,1,1,0,1,0,0,1,0,0,0,1,1,110792,NA,26,5,3,31.5,2.45,5.05,NA,0.1,1,NA,3,7,16,NA,NA,NA,3,2,1
"787",3761,376,1,1,0,1,0,0,1,0,0,0,1,1,111792,2,0,17,3,11.5,-1.5,5.05,15,0.2,1,NA,2,8,14,1.26,1.01,1,3,3,1
"788",3771,377,1,1,0,1,0,0,1,0,0,0,1,1,110792,NA,11,12,3,20,2,5.05,26,0.2,0,NA,2,8,14,1.05,0.95,0.94,3,1,1
"789",3791,379,1,1,0,1,0,0,1,0,0,0,1,1,111792,1,28,6,3,34,4,5.05,52,0.15,1,NA,1,7,16,1.06,1.06,1.06,3,2,1
"790",3801,380,1,1,0,1,0,0,1,0,0,0,1,1,110792,NA,15,14,3,25,4.5,5.05,26,0.13,0,NA,1,7,16,1.05,0.94,0.94,3,2,1
"791",3831,383,1,1,0,1,0,0,1,0,0,0,1,1,111892,2,7,2,2,10,0,5.05,26,0.38,0,NA,1,7,16,1.16,1.01,1.05,2,2,1
"792",3841,384,1,1,0,1,0,0,1,0,0,0,1,1,110792,NA,0,30,3,18,NA,5.05,26,0.1,0,NA,3,7,16,1.05,1.05,0.89,3,2,0
"793",3851,385,1,1,0,1,0,0,1,0,0,0,2,1,120992,4,15,14,3,25,-1,5.05,28,0.1,0,NA,2,7,17,1.16,1.22,0.41,3,3,1
"794",3861,386,1,1,0,1,0,0,1,0,0,0,1,1,111692,NA,14,10,4,23,10.5,5.05,26,0.25,0,NA,1,7,17,1.05,0.95,0.95,4,2,1
"795",3912,391,1,2,0,1,0,0,1,0,0,0,1,1,111492,2,12,7,2,17.5,-2,5.05,NA,NA,0,NA,2,11,10,1.05,1.05,2.64,4,3,1
"796",3932,393,1,2,1,1,0,0,1,0,0,0,1,1,111792,3,18,4,3,23,11,5.25,13,0.25,1,NA,1,11,11,1.16,1.26,2.75,3,2,1
"797",3963,396,1,3,1,1,0,0,1,0,0,0,1,1,111192,NA,8,30,3,26,-10,5.4,26,0.1,0,NA,2,7,16,1.11,1.05,1.05,5,3,1
"798",3973,397,1,3,1,1,0,0,1,0,0,0,2,1,122892,9,6,15,3,16.5,-4.5,5.05,52,0.24,0,NA,2,6,17,1.17,1.06,2.11,4,3,1
"799",3983,398,1,3,1,1,0,0,1,0,0,0,2,1,121092,2,25,15,3,35.5,11,5.05,28,NA,0,NA,2,6,17,1.11,1.06,1.05,5,3,1
"800",3993,399,1,3,1,1,0,0,1,0,0,0,1,1,111192,NA,18,18,4,31,11,5.05,26,0.23,0,NA,2,7,16,1.26,1.08,1.05,7,4,1
"801",4003,400,1,3,1,1,0,0,1,0,0,0,1,1,111192,NA,8,24,3,23,-3.5,5.05,41,0.15,0,NA,2,7,16,1.17,1.01,1.05,5,3,1
"802",4013,401,1,3,0,1,0,0,1,0,0,0,1,1,111792,2,5,27,4,22.5,7.5,5.05,26,0.15,0,NA,2,6,16,1.12,1.05,1.05,6,4,1
"803",4023,402,1,3,1,1,0,0,1,0,0,0,1,1,111692,NA,17,5,2,21.5,2.5,5.05,26,0.13,0,NA,2,7,15,1.11,1.05,1.05,4,1,1
"804",4053,405,1,3,1,1,0,0,1,0,0,0,1,1,111692,NA,1.5,15,3,12,-5.5,5.05,26,0.15,0,NA,2,7,16,1.12,1.01,1.05,6,3,1
"805",4101,410,1,1,0,1,0,0,1,0,0,0,1,1,111692,NA,0,35,3,20.5,0,5.05,26,0.1,1,NA,2,7,16,1.19,0.98,1.01,4,3,1
"806",4111,411,1,1,0,1,0,0,1,0,0,0,1,1,111692,NA,4,36,3,25,4,5.05,4,0.13,1,NA,2,7,16,1.15,1.01,1.01,5,4,1
"807",4122,412,1,2,0,1,0,1,0,0,0,0,1,1,111292,NA,0,13,2,8.5,-2,5.05,NA,NA,0,NA,1,11,11,1.15,1.05,2.64,5,3,1
"808",4131,413,1,1,0,1,0,0,1,0,0,0,1,1,110792,NA,0,20,3,13,-10,5.05,26,0.13,1,NA,1,7,17,1.11,1.01,1.05,4,2,1
"809",4141,414,1,1,0,1,0,0,1,0,0,0,1,1,111692,NA,13,9,4,21.5,-1.5,5.05,26,0.38,1,NA,3,7,16,1.15,0.95,1.13,4,3,1
"810",4151,415,1,1,0,1,0,0,1,0,0,0,1,1,110792,NA,0,38,4,23,-6,5.05,52,NA,0,NA,2,7,16,1.05,0.9,1.04,4,2,1
"811",4171,417,1,1,1,1,0,0,1,0,0,0,1,1,110992,NA,13,17,4,25.5,4.5,5.05,26,0.15,1,NA,3,7,16,1.11,1.09,1,3,2,1
"812",4181,418,1,1,0,1,0,0,1,0,0,0,1,1,110992,NA,0,35,4,21.5,-20,5.05,26,0.15,0,NA,2,7,16,1.03,0.9,0.59,3,3,1
"813",4192,419,1,2,1,1,0,0,1,0,0,0,2,1,121592,4,5,5,2,9.5,-2.5,5.05,NA,NA,0,NA,1,11,11,1.05,0.84,2.53,4,3,1
"814",4212,421,1,2,1,1,0,0,1,0,0,0,1,1,111792,3,25,7,8,36.5,3.5,5.05,4,1,0,NA,2,10.5,13,1.05,0.84,2.32,4,2,1
"815",4222,422,1,2,0,1,0,0,1,0,0,0,1,1,111492,2,5,10,6,16,9.5,5.05,NA,NA,0,NA,1,11,11,1.01,0.84,2.32,4,4,1
"816",4232,423,1,2,1,1,0,0,1,0,0,0,1,1,111492,1,19,3.5,3,23.75,14.75,5.25,13,0.5,0,NA,1,11,11,1.05,0.84,2.32,3,2,1
"817",4242,424,1,2,1,1,0,0,1,0,0,0,1,1,111792,1,12,3,4,17.5,7.75,5.25,19,0.5,0,NA,1,11,14,1.05,0.94,2.32,5,3,1
"818",4263,426,1,3,1,1,0,0,1,0,0,0,1,1,111192,NA,5,25,3,20.5,-4,5.05,19,0.25,1,NA,2,6,18,1.11,1.05,1.05,6,5,1
"819",4274,427,1,4,0,1,0,0,1,0,0,0,2,1,121792,4,0,35,3,20.5,6.5,5.05,NA,NA,1,NA,2,10.5,12.5,1.11,1.09,2.07,2,2,1
"820",4284,428,1,4,0,1,0,0,1,0,0,0,1,1,111392,NA,10,24,3,25,5.5,5.14,13,0.1,0,NA,2,10.5,12.5,1.05,0.89,2.11,2,2,1
